head,head_label,relation,tail,tail_label,description
船舶维修保养体系(CWBT),System,HAS_COMPONENT,代码册,Component,船舶维修保养体系包含代码册
船舶维修保养体系(CWBT),System,HAS_COMPONENT,维修手册,Component,船舶维修保养体系包含维修手册
船舶维修保养体系(CWBT),System,HAS_COMPONENT,工作卡,Component,船舶维修保养体系包含工作卡
船舶维修保养体系(CWBT),System,HAS_COMPONENT,CWBT管理信息系统,System,船舶维修保养体系包含CWBT管理信息系统
代码册,Component,HAS_COMPONENT,标准代码目录,Component,代码册由标准代码目录和单船代码目录组成
代码册,Component,HAS_COMPONENT,单船代码目录,Component,代码册由标准代码目录和单船代码目录组成
维修手册,Component,HAS_COMPONENT,设备卡,Component,维修手册以设备卡为单元汇编
工作卡,Component,HAS_COMPONENT,设备卡,Component,工作卡以设备卡为单元编写
CWBT,System,RELATED_TO,船舶维修保养体系(CWBT),System,CWBT是船舶维修保养体系的简称
CWBT管理信息系统,System,HAS_COMPONENT,初始化,DiagnosticMethod,CWBT管理信息系统涉及初始化工作
初始化,DiagnosticMethod,RELATED_TO,单船代码目录,Component,初始化时由标准代码目录中取出代码汇编成单船代码目录
初始化,DiagnosticMethod,RELATED_TO,单船编写人员,Component,初始化由单船编写人员会同船舶设备主管人员进行
首排及首排计划表,Component,RELATED_TO,初始化,DiagnosticMethod,首排在单船初始化工作完成后进行
首排及首排计划表,Component,RELATED_TO,工作卡,Component,首排是为每一张工作卡确定首次计划日期的工作
船舶维修保养体系(CWBT),System,HAS_COMPONENT,岸基管理人员,Component,CWBT管理人员包括岸基管理人员
船舶维修保养体系(CWBT),System,HAS_COMPONENT,船舶实施人员,Component,CWBT管理人员包括船舶实施人员
船舶维修保养体系(CWBT),System,HAS_COMPONENT,单船编写人员,Component,CWBT管理人员包括单船编写人员
工作卡,Component,HAS_PARAMETER,实施顺序,Parameter,对于具有多级工作卡的设备，其实施顺序按计划日期排列
工作卡,Component,HAS_PARAMETER,维修保养周期允差,Parameter,维修保养工作卡实施日期偏离计划日期的最大允许极限
CWBT,System,HAS_COMPONENT,工作卡,Component,CWBT系统包含工作卡组件
CWBT,System,HAS_COMPONENT,工作计划,Component,CWBT系统包含工作计划组件
CWBT,System,HAS_COMPONENT,船舶设备检验项目,Component,CWBT系统关联船舶设备检验项目
CWBT,System,HAS_COMPONENT,计数器,Component,CWBT系统包含计数器组件
CWBT,System,HAS_COMPONENT,临时工作卡,Component,CWBT系统支持临时工作卡
CWBT,System,HAS_COMPONENT,CWBT报告,Component,CWBT系统生成各类报告
CWBT,System,HAS_COMPONENT,报表,Component,CWBT系统包含报表组件
CWBT,System,HAS_COMPONENT,记录,Component,CWBT系统涉及各种记录
CWBT,System,RELATED_TO,CWBT管理信息系统,System,CWBT体系通过管理信息系统实现
CWBT管理信息系统,System,HAS_COMPONENT,单船月度工作指令表,Component,系统可生成月度工作指令表
CWBT管理信息系统,System,HAS_COMPONENT,维修历史数据,Component,系统存储维修历史数据
CWBT管理信息系统,System,HAS_COMPONENT,资料,Component,系统管理相关资料
轮机长,Component,DIAGNOSED_BY,CWBT管理信息系统,System,轮机长通过系统检查工作实施质量
轮机长,Component,DIAGNOSED_BY,维修执行记录,Component,轮机长检查维修执行记录
轮机长,Component,DIAGNOSED_BY,维修检测报告,Component,轮机长检查维修检测报告
轮机长,Component,DIAGNOSED_BY,备件消耗记录,Component,轮机长检查备件消耗记录
工作计划,Component,BELONGS_TO,公司体系文件,Component,工作计划需按公司体系文件要求编制
报表,Component,BELONGS_TO,公司体系文件,Component,报表需按公司体系文件要求填写
船岸数据交换,Component,RELATED_TO,岸基船舶主管,Component,通过数据交换上传给岸基主管审阅
船舶机械计划保养系统(PMS),System,HAS_COMPONENT,船级社授权证书,Component,实施PMS检验需要船级社授权
船舶机械计划保养系统(PMS),System,HAS_COMPONENT,船级社检验指南,Component,PMS检验需遵循船级社指南
CWBT,System,HAS_COMPONENT,单船代码,Component,CWBT系统使用单船代码标识船舶
CWBT,System,HAS_COMPONENT,设备卡,Component,CWBT系统包含设备卡组件
CWBT,System,HAS_COMPONENT,维修保养项目,Component,CWBT系统管理维修保养项目
CWBT,System,HAS_COMPONENT,首排计划,Component,CWBT系统需要编制首排计划
船舶电子设备,Equipment,HAS_COMPONENT,维修保养项目,Component,船舶设备有对应的维修保养项目
船舶规范,Component,RELATED_TO,法规,Component,船舶规范与相关法规关联
船舶规范,Component,RELATED_TO,公约,Component,船舶规范与国际公约关联
船舶规范,Component,RELATED_TO,船检要求,Component,船舶规范需满足船检要求
船舶规范,Component,RELATED_TO,企业规章制度,Component,船舶规范需符合企业规章制度
船舶规范,Component,RELATED_TO,船舶设备维修标准,Component,船舶规范涉及设备维修标准
船舶维修保养体系(CWBT),System,HAS_PARAMETER,CWBT代码,Parameter,体系使用CWBT代码作为编码标准
CWBT代码,Parameter,BELONGS_TO,船舶维修保养体系(CWBT),System,代码属于船舶维修保养体系的一部分
船舶电子设备,Equipment,HAS_COMPONENT,主系统,Component,设备按功能分为多个主系统
主系统,Component,BELONGS_TO,船舶电子设备,Equipment,主系统是船舶设备的组成部分
空气系统,System,HAS_COMPONENT,启动空气系统,Component,启动空气系统是空气系统的子系统
启动空气系统,Component,BELONGS_TO,空气系统,System,启动空气系统属于空气系统
启动空气系统,Component,HAS_COMPONENT,主空压机组,Equipment,主空压机组是启动空气系统的维修部件
主空压机组,Equipment,BELONGS_TO,启动空气系统,Component,主空压机组属于启动空气系统
设备代码,Parameter,RELATED_TO,船舶电子设备,Equipment,设备代码用于标识船舶设备
编码原则,Parameter,RELATED_TO,CWBT代码,Parameter,编码原则指导CWBT代码的编制
信息化管理,DiagnosticMethod,DIAGNOSED_BY,计算机管理,DiagnosticMethod,信息化管理依赖于计算机管理
船岸一体化管理,DiagnosticMethod,RELATED_TO,信息化管理,DiagnosticMethod,船岸一体化管理是信息化管理的一种形式
船舶维修保养体系(CWBT),System,APPLIES_TO,运输船舶,System,体系适用于运输船舶的管理
船舶维修保养体系(CWBT),System,RELATED_TO,工程船舶,System,体系可被工程船舶参照执行
船舶维修保养体系(CWBT),System,RELATED_TO,舰船与海上设施,System,体系可被舰船与海上设施参照执行
CWBT代码清册,Equipment,HAS_COMPONENT,表2,Component,CWBT代码清册包含表2
CWBT代码清册,Equipment,HAS_COMPONENT,表3,Component,CWBT代码清册包含表3
表2,Component,RELATED_TO,表3,Component,表2与表3相关
船舶维修保养体系(CWBT),System,HAS_PARAMETER,维修保养级别,Parameter,体系规定了维修保养的级别
维修保养级别,Parameter,RELATED_TO,日常维护保养级别,System,维修保养级别包含日常维护保养级别
维修保养级别,Parameter,RELATED_TO,计划维修保养级别,System,维修保养级别包含计划维修保养级别
工作卡,Component,HAS_PARAMETER,循环周期,Parameter,工作卡的维修保养以五年为一个循环周期
循环周期,Parameter,RELATED_TO,定时周期,Parameter,循环周期包含以运转小时计时的定时周期
循环周期,Parameter,RELATED_TO,定期周期,Parameter,循环周期包含以日历日期计时的定期周期
船舶维修保养体系(CWBT),System,HAS_PARAMETER,周期允差,Parameter,体系规定了维修保养周期的允差极限
周期允差,Parameter,RELATED_TO,A级,Parameter,周期允差表规定了A级的允差
周期允差,Parameter,RELATED_TO,C级,Parameter,周期允差表规定了C级的允差
周期允差,Parameter,RELATED_TO,D级,Parameter,周期允差表规定了D级的允差
周期允差,Parameter,RELATED_TO,E级,Parameter,周期允差表规定了E级的允差
周期允差,Parameter,RELATED_TO,F级,Parameter,周期允差表规定了F级的允差
周期允差,Parameter,RELATED_TO,G级,Parameter,周期允差表规定了G级的允差
周期允差,Parameter,RELATED_TO,H级,Parameter,周期允差表规定了H级的允差
周期允差,Parameter,HAS_SAFETY_NOTE,故障性维修,RepairMethod,周期允差规定不适用于故障性维修
周期允差,Parameter,RELATED_TO,钢质海船入级规范,System,周期允差需符合钢质海船入级规范的要求
船舶维修保养体系(CWBT),System,HAS_COMPONENT,设备卡,Component,体系包含设备卡
设备卡,Component,HAS_PARAMETER,设备代码,Parameter,设备卡包含设备代码
设备卡,Component,HAS_PARAMETER,设备名称,Parameter,设备卡包含设备名称
设备卡,Component,HAS_PARAMETER,主要技术参数,Parameter,设备卡包含主要技术参数
设备卡,Component,HAS_PARAMETER,风险等级,Parameter,设备卡包含风险等级
工作卡,Component,HAS_PARAMETER,工作卡编号,Parameter,工作卡包含工作卡号
工作卡,Component,HAS_PARAMETER,工作卡类别,Parameter,工作卡包含工作卡类别
工作卡,Component,HAS_PARAMETER,维修保养级别,Parameter,工作卡包含维修保养级别
工作卡,Component,HAS_PARAMETER,维修周期,Parameter,工作卡包含维修周期
工作卡,Component,HAS_PARAMETER,计时制式,Parameter,工作卡包含计时制式
工作卡,Component,HAS_PARAMETER,工作内容,Parameter,工作卡包含工作内容
工作卡,Component,HAS_PARAMETER,船检要求,Parameter,工作卡包含船检要求
工作卡,Component,HAS_PARAMETER,风险等级,Parameter,工作卡包含风险等级
工作卡类别,Parameter,RELATED_TO,周期性工作卡,Component,工作卡类别包括周期性工作卡
工作卡类别,Parameter,RELATED_TO,临时工作卡,Component,工作卡类别包括临时工作卡
工作卡类别,Parameter,RELATED_TO,组合式工作卡,Component,工作卡类别包括组合式工作卡
组合式工作卡,Component,RELATED_TO,船舶电气绝缘测试,DiagnosticMethod,组合式工作卡用于船舶电气绝缘测试
组合式工作卡,Component,RELATED_TO,加注润滑脂,RepairMethod,组合式工作卡用于加注润滑脂
组合式工作卡,Component,RELATED_TO,检查水质,DiagnosticMethod,组合式工作卡用于检查水质
组合式工作卡,Component,RELATED_TO,安全救生设备检查,DiagnosticMethod,组合式工作卡用于安全救生设备检查
工作卡,Component,BELONGS_TO,船体(甲板),System,工作卡可属于船体(甲板)主管部门
工作卡,Component,BELONGS_TO,轮机,System,工作卡可属于轮机主管部门
工作卡,Component,BELONGS_TO,电气,System,工作卡可属于电气主管部门
维修保养级别,Parameter,RELATED_TO,船检级别,Parameter,维修保养级别可能包含船检级别
计时制式,Parameter,RELATED_TO,定期制,Parameter,计时制式包括定期制
计时制式,Parameter,RELATED_TO,定时制,Parameter,计时制式包括定时制
工作卡,Equipment,HAS_PARAMETER,计划,Parameter,工作卡具有计划状态
工作卡,Equipment,HAS_PARAMETER,指令,Parameter,工作卡具有指令状态
工作卡,Equipment,HAS_PARAMETER,超期,Parameter,工作卡具有超期状态
工作卡,Equipment,HAS_PARAMETER,安排,Parameter,工作卡具有安排状态
工作卡,Equipment,HAS_PARAMETER,遗留,Parameter,工作卡具有遗留状态
工作卡,Equipment,HAS_PARAMETER,取消,Parameter,工作卡具有取消状态
工作卡,Equipment,HAS_PARAMETER,按时完成,Parameter,工作卡具有按时完成状态
工作卡,Equipment,HAS_PARAMETER,提前完成,Parameter,工作卡具有提前完成状态
工作卡,Equipment,HAS_PARAMETER,过期完成,Parameter,工作卡具有过期完成状态
工作卡,Equipment,HAS_PARAMETER,缺陷完成,Parameter,工作卡具有缺陷完成状态
工作卡,Equipment,HAS_FAULT,遗留缺陷,FaultPhenomenon,工作卡可能存在遗留缺陷
遗留,Parameter,CAUSED_BY,不具备执行条件,FaultCause,遗留状态由不具备执行条件导致
取消,Parameter,DIAGNOSED_BY,设备状态分析,DiagnosticMethod,取消状态通过设备状态分析决定
定时设备组,System,HAS_COMPONENT,计数器,Component,定时设备组配备计数器
工作卡,Equipment,HAS_PARAMETER,维修要求,Parameter,工作卡包含维修要求
工作卡,Equipment,HAS_COMPONENT,预留备件,Component,工作卡关联预留备件
工作卡,Equipment,HAS_COMPONENT,主管人,Component,工作卡指定主管人
工作卡,Equipment,HAS_PARAMETER,维修方式,Parameter,工作卡规定维修方式
工作卡,Equipment,HAS_COMPONENT,检测报表,Component,工作卡关联检测报表
工作卡,Equipment,DIAGNOSED_BY,风险评估,DiagnosticMethod,工作卡通过风险评估进行风险控制
工作卡初始化,RepairMethod,HAS_SAFETY_NOTE,设备维修要求,SafetyNote,工作卡初始化依据设备维修要求
工作卡初始化,RepairMethod,HAS_SAFETY_NOTE,船检要求,SafetyNote,工作卡初始化依据船检要求
设备卡初始化,RepairMethod,BELONGS_TO,CWBT管理信息系统,System,设备卡初始化属于CWBT系统流程
工作卡初始化,RepairMethod,BELONGS_TO,CWBT管理信息系统,System,工作卡初始化属于CWBT系统流程
CWBT管理信息系统,System,HAS_COMPONENT,船舶管理人员,Component,系统可由船舶管理人员操作
CWBT管理信息系统,System,HAS_COMPONENT,岸基管理人员,Component,系统可由岸基专业人员操作
单级工作卡,Equipment,RELATED_TO,工作卡,Equipment,单级工作卡是工作卡的一种输出格式
设备工作卡,Equipment,RELATED_TO,工作卡,Equipment,设备工作卡是工作卡的一种输出格式
工作卡清册,Equipment,RELATED_TO,工作卡,Equipment,工作卡清册是工作卡的集合输出
计算机管理信息系统,System,RELATED_TO,CWBT管理信息系统,System,计算机管理信息系统与CWBT系统相关
工作卡,Component,HAS_PARAMETER,首排日期,Parameter,工作卡具有首排日期参数
工作卡,Component,HAS_PARAMETER,生成人,Parameter,工作卡具有生成人参数
工作卡,Component,HAS_PARAMETER,计划维修日期,Parameter,工作卡具有计划维修日期参数
计划维修日期,Parameter,RELATED_TO,循环周期,Parameter,计划维修日期与循环周期相关
计划维修日期,Parameter,RELATED_TO,计数器日平均运行小时,Parameter,定时制计划日期与平均运行小时相关
CWBT管理信息系统,System,HAS_COMPONENT,工作卡安排,Component,系统支持工作卡安排功能
CWBT管理信息系统,System,HAS_COMPONENT,工作计划表,Component,系统可生成工作计划表
CWBT管理信息系统,System,HAS_COMPONENT,工作卡跟踪,DiagnosticMethod,系统具有工作卡跟踪功能
CWBT管理信息系统,System,HAS_COMPONENT,预警功能,DiagnosticMethod,系统具有预警功能
CWBT管理信息系统,System,HAS_COMPONENT,报警功能,DiagnosticMethod,系统具有报警功能
CWBT管理信息系统,System,HAS_COMPONENT,缺陷跟踪功能,DiagnosticMethod,系统具有缺陷跟踪功能
工作卡跟踪,DiagnosticMethod,RELATED_TO,维修执行记录,Component,跟踪过程关联维修记录
工作卡跟踪,DiagnosticMethod,RELATED_TO,检测报告,Component,跟踪过程关联检测报告
工作卡跟踪,DiagnosticMethod,RELATED_TO,风险评估记录,Component,跟踪过程关联风险评估记录
工作卡历史,Component,RELATED_TO,备件消耗记录,Component,维修历史关联备件消耗记录
工作卡,Component,REPAIRED_BY,闭环管理,RepairMethod,工作卡通过闭环管理方法完成维修流程
闭环管理,RepairMethod,HAS_COMPONENT,签名确认,RepairMethod,闭环管理包含签名确认步骤
CWBT管理信息系统,System,HAS_COMPONENT,船舶版,System,系统包含船舶端版本
CWBT管理信息系统,System,HAS_COMPONENT,岸基版,System,系统包含岸基端版本
CWBT管理信息系统,System,HAS_COMPONENT,基本信息,Component,系统包含基本信息功能模块
CWBT管理信息系统,System,HAS_COMPONENT,工作卡信息,Component,系统包含工作卡信息功能模块
CWBT管理信息系统,System,HAS_COMPONENT,工作卡历史,Component,系统包含工作卡历史功能模块
CWBT管理信息系统,System,HAS_COMPONENT,风险管理,Component,系统包含风险管理功能模块
CWBT管理信息系统,System,HAS_COMPONENT,检验管理,Component,系统包含检验管理功能模块
CWBT管理信息系统,System,HAS_COMPONENT,统计分析,Component,系统包含统计分析功能模块
工作卡,Component,HAS_COMPONENT,维修执行记录,Component,工作卡上记载维修记录
船岸数据交换,System,HAS_COMPONENT,海事卫星通讯,Component,数据交换采用海事卫星通讯方式
检验管理,Component,DIAGNOSED_BY,船舶循环检验(CMS),DiagnosticMethod,检验管理可选择CMS方式
检验管理,Component,DIAGNOSED_BY,船舶机械计划保养系统(PMS),DiagnosticMethod,检验管理可选择PMS方式
工作卡,Component,REPAIRED_BY,定期制工单,RepairMethod,工作卡可按定期制安排
工作卡,Component,REPAIRED_BY,定时制工单,RepairMethod,工作卡可按定时制安排
定时制工单,RepairMethod,HAS_PARAMETER,维修周期,Parameter,定时制工单计算需要维修周期参数
定时制工单,RepairMethod,HAS_PARAMETER,日平均运行小时,Parameter,定时制工单计算需要日平均运行小时参数
基本信息,Component,HAS_COMPONENT,设备计数器,Component,基本信息模块包含设备计数器管理
船岸数据交换,System,HAS_SAFETY_NOTE,不修改不发送原则,SafetyNote,数据交换采用不修改不发送的安全原则
船舶维修保养体系(CWBT),System,HAS_COMPONENT,CWBT,System,船舶维修保养体系包含CWBT系统
船舶维修保养体系(CWBT),System,BELONGS_TO,计划保养系统(PMS),System,CWBT属于PMS范畴
计划保养系统(PMS),System,HAS_COMPONENT,状态监控设备,Equipment,PMS的技术支持部分
状态监控设备,Equipment,DIAGNOSED_BY,状态监测技术,DiagnosticMethod,利用状态监测技术进行分析
计划保养系统(PMS),System,DIAGNOSED_BY,船舶机械计划保养系统检验,DiagnosticMethod,PMS需通过特定检验制度进行检验
船舶机械计划保养系统检验,DiagnosticMethod,HAS_COMPONENT,PMS确认性检查,DiagnosticMethod,检验包括年度确认性检查
船舶机械计划保养系统检验,DiagnosticMethod,HAS_COMPONENT,实施检验,DiagnosticMethod,检验包括运行一年后的实施检验
计划保养系统(PMS),System,HAS_COMPONENT,PMS计算机管理系统,System,PMS采用计算机管理系统
PMS计算机管理系统,System,HAS_COMPONENT,轮机长,Component,系统更新需轮机长授权
PMS确认性检查,DiagnosticMethod,HAS_COMPONENT,CCS验船师,Component,检查由CCS验船师执行
计划保养系统(PMS),System,HAS_COMPONENT,PMS设备,Equipment,PMS包含一系列设备
PMS设备,Equipment,REPAIRED_BY,维修保养计划,RepairMethod,设备按维修保养计划进行保养
PMS设备,Equipment,REPAIRED_BY,预防性维修程序,RepairMethod,设备有特定的预防性维修程序
PMS设备,Equipment,RELATED_TO,设备制造厂说明书,Component,设备维修依据制造厂说明书
状态监控设备,Equipment,HAS_PARAMETER,基准数据,Parameter,状态监控设备需要基准数据
状态监控设备,Equipment,HAS_PARAMETER,监测数据,Parameter,状态监控设备产生监测数据
年度审核,DiagnosticMethod,DIAGNOSED_BY,机械故障/失效,FaultPhenomenon,审核需报告机械故障/失效情况
机械故障/失效,FaultPhenomenon,REPAIRED_BY,修理记录,RepairMethod,故障对应有修理记录
机械故障/失效,FaultPhenomenon,REPAIRED_BY,备件更换情况,RepairMethod,故障可能涉及备件更换
PMS,System,HAS_COMPONENT,PMS检验项目,Component,PMS系统包含检验项目
机械设备,Equipment,HAS_PARAMETER,工作参数,Parameter,机械设备具有工作参数
工作参数,Parameter,RELATED_TO,许用值,Parameter,工作参数与许用值相关
机械设备,Equipment,HAS_FAULT,机械设备故障,FaultPhenomenon,机械设备可能发生故障
机械设备故障,FaultPhenomenon,REPAIRED_BY,修理,RepairMethod,故障通过修理来修复
损坏的机械零部件,Component,BELONGS_TO,机械设备,Equipment,损坏的零部件属于机械设备
PMS设备(包括部件)的损坏,FaultPhenomenon,REPAIRED_BY,修理,RepairMethod,PMS设备损坏需要进行修理
纠正措施,RepairMethod,RELATED_TO,PMS航海日志,Component,纠正措施需记录在PMS航海日志中
PMS,System,HAS_PARAMETER,保养间隔期,Parameter,PMS系统规定了保养间隔期
保养间隔期,Parameter,RELATED_TO,CCS《钢质海船入级规范》,Component,保养间隔期需符合CCS规范要求
保养计划,Component,BELONGS_TO,PMS,System,保养计划是PMS系统的一部分
轮机年度检验,DiagnosticMethod,RELATED_TO,PMS年度审核,DiagnosticMethod,轮机年度检验与PMS年度审核相关联
PMS年度审核,DiagnosticMethod,DIAGNOSED_BY,验船师,Component,PMS年度审核由验船师执行
故障设备,Equipment,DIAGNOSED_BY,测量电阻法,DiagnosticMethod,故障设备在通电前需进行电阻测量
公用电路,System,RELATED_TO,专用电路,System,公用电路为专用电路提供能量和信息
电气设备,Equipment,HAS_COMPONENT,电源单元,Component,电气设备包含电源单元
带电测试或检修,RepairMethod,HAS_SAFETY_NOTE,专人看护,SafetyNote,带电检修时必须有专人看护
接触不良,FaultPhenomenon,CAUSED_BY,印刷电路板与插槽接触不良,FaultPhenomenon,接触不良可能由多种具体现象导致
接触不良,FaultPhenomenon,CAUSED_BY,电缆线内部折断时通时不通,FaultPhenomenon,接触不良可能由多种具体现象导致
接触不良,FaultPhenomenon,CAUSED_BY,线插头及接线端子接触不好,FaultPhenomenon,接触不良可能由多种具体现象导致
接触不良,FaultPhenomenon,CAUSED_BY,元器件虚焊,FaultPhenomenon,接触不良可能由多种具体现象导致
元器件热稳定性不好,FaultCause,RELATED_TO,电解电容器,Component,电解电容是热稳定性最差的元器件
参数测试法,DiagnosticMethod,HAS_COMPONENT,测量电压法,DiagnosticMethod,参数测试法包含的具体方法
参数测试法,DiagnosticMethod,HAS_COMPONENT,测量电阻法,DiagnosticMethod,参数测试法包含的具体方法
通电观察法,DiagnosticMethod,USES_EQUIPMENT,自耦变压器,Component,通电观察法需要使用自耦变压器
通电观察法,DiagnosticMethod,DETECTS,跳火,FaultPhenomenon,通电观察法可用于检测跳火现象
通电观察法,DiagnosticMethod,DETECTS,冒烟,FaultPhenomenon,通电观察法可用于检测冒烟现象
通电观察法,DiagnosticMethod,DETECTS,异味,FaultPhenomenon,通电观察法可用于检测异味现象
通电观察法,DiagnosticMethod,DETECTS,烧毁熔断器,FaultPhenomenon,通电观察法可用于检测熔断器烧毁
不通电观察法,DiagnosticMethod,DETECTS,电阻烧坏,FaultPhenomenon,不通电观察法可用于检测电阻烧坏
不通电观察法,DiagnosticMethod,DETECTS,电容器漏液或炸裂,FaultPhenomenon,不通电观察法可用于检测电容器故障
不通电观察法,DiagnosticMethod,DETECTS,电源变压器损坏,FaultPhenomenon,不通电观察法可用于检测变压器损坏
不通电观察法,DiagnosticMethod,DETECTS,电路断线,FaultPhenomenon,不通电观察法可用于检测电路断线
不通电观察法,DiagnosticMethod,DETECTS,插件松脱,FaultPhenomenon,不通电观察法可用于检测插件松脱
万用表,Equipment,HAS_COMPONENT,电阻挡,Component,万用表包含用于测量电阻的挡位
电阻器,Component,HAS_FAULT,开路,FaultPhenomenon,电阻器可能出现开路故障
电阻器,Component,HAS_FAULT,短路,FaultPhenomenon,电阻器可能出现短路故障
开路,FaultPhenomenon,DIAGNOSED_BY,万用表,Equipment,使用万用表电阻挡测量可诊断开路故障
短路,FaultPhenomenon,DIAGNOSED_BY,万用表,Equipment,使用万用表电阻挡测量可诊断短路故障
光敏电阻器,Component,DIAGNOSED_BY,万用表,Equipment,使用万用表测量有光照和无光照时的阻值变化
热敏电阻器,Component,DIAGNOSED_BY,万用表,Equipment,使用万用表测量常温及加温后的阻值变化
可变电阻器,Component,DIAGNOSED_BY,万用表,Equipment,使用万用表测量总阻值及滑动时阻值变化
在线测量,DiagnosticMethod,HAS_SAFETY_NOTE,切断电源,SafetyNote,在线测量时必须先切断电源
在线测量,DiagnosticMethod,HAS_SAFETY_NOTE,防止短路,SafetyNote,在线测量时需防止操作造成短路
电阻器,Component,HAS_PARAMETER,额定功率,Parameter,电阻器具有额定功率参数
电阻器,Component,HAS_PARAMETER,耐压,Parameter,电阻器具有耐压参数
电阻器,Component,REPAIRED_BY,表面处理,RepairMethod,安装前对电阻器引脚进行表面处理可保证焊接质量
电容器,Component,HAS_FAULT,开路失效,FaultPhenomenon,电容器可能出现开路失效故障
电容器,Component,HAS_FAULT,短路击穿,FaultPhenomenon,电容器可能出现短路击穿故障
电容器,Component,HAS_FAULT,漏电,FaultPhenomenon,电容器可能出现漏电故障
电容器,Component,HAS_FAULT,容量变小,FaultPhenomenon,电容器可能出现容量变小故障
电解电容器,Component,DIAGNOSED_BY,万用表,Equipment,使用万用表测量电解电容器的漏电阻
电感器,Component,HAS_FAULT,引脚断开,FaultPhenomenon,电感器可能出现引脚断开故障
电感器,Component,HAS_FAULT,线圈内部短路,FaultPhenomenon,电感器可能出现线圈内部短路故障
三极管,Component,HAS_COMPONENT,基极,Component,三极管包含基极这个组成部分
三极管,Component,HAS_COMPONENT,集电极,Component,三极管包含集电极这个组成部分
三极管,Component,HAS_COMPONENT,发射极,Component,三极管包含发射极这个组成部分
三极管,Component,HAS_COMPONENT,be结,Component,三极管包含be结这个组成部分
三极管,Component,HAS_COMPONENT,bc结,Component,三极管包含bc结这个组成部分
三极管,Component,HAS_COMPONENT,ce结,Component,三极管包含ce结这个组成部分
三极管,Component,HAS_FAULT,管子内部已断路,FaultPhenomenon,三极管可能发生内部断路的故障
三极管,Component,HAS_FAULT,管子内部已短路,FaultPhenomenon,三极管可能发生内部短路的故障
管子内部已断路,FaultPhenomenon,DIAGNOSED_BY,万用表,Equipment,通过万用表测量正反向电阻为无穷大来诊断内部断路
管子内部已短路,FaultPhenomenon,DIAGNOSED_BY,万用表,Equipment,通过万用表测量正反向电阻为零来诊断内部短路
可控硅,Component,HAS_COMPONENT,控制极,Component,可控硅包含控制极这个组成部分
可控硅,Component,HAS_COMPONENT,阴极,Component,可控硅包含阴极这个组成部分
可控硅,Component,HAS_COMPONENT,阳极,Component,可控硅包含阳极这个组成部分
可控硅,Component,HAS_FAULT,控制极与阳极已击穿,FaultPhenomenon,可控硅可能发生控制极与阳极击穿的故障
可控硅,Component,HAS_FAULT,控制极与阳极已断路,FaultPhenomenon,可控硅可能发生控制极与阳极断路的故障
可控硅,Component,HAS_FAULT,可控硅也已击穿,FaultPhenomenon,可控硅可能发生完全击穿的故障
控制极与阳极已击穿,FaultPhenomenon,DIAGNOSED_BY,万用表,Equipment,通过万用表测量控制极与阳极正反向电阻均很小来诊断击穿
控制极与阳极已断路,FaultPhenomenon,DIAGNOSED_BY,万用表,Equipment,通过万用表测量控制极与阳极正反向电阻为无穷大来诊断断路
可控硅也已击穿,FaultPhenomenon,DIAGNOSED_BY,万用表,Equipment,通过万用表测量控制极与阳极、阴极之间正反向电阻都很小来诊断击穿
集成电路,Component,DIAGNOSED_BY,离线直流电阻测量法,DiagnosticMethod,集成电路可通过离线直流电阻测量法进行诊断
离线直流电阻测量法,DiagnosticMethod,HAS_PARAMETER,万用表Rx1kΩ挡,Parameter,离线直流电阻测量法通常使用万用表Rx1kΩ挡
离线直流电阻测量法,DiagnosticMethod,HAS_SAFETY_NOTE,测量前应对欧姆表校零,SafetyNote,离线直流电阻测量法需要注意测量前对欧姆表校零
离线直流电阻测量法,DiagnosticMethod,HAS_PARAMETER,电阻值误差10%,Parameter,离线直流电阻测量法允许的电阻值误差为10%左右
离线直流电阻测量法,DiagnosticMethod,HAS_SAFETY_NOTE,注意外围元件的影响,SafetyNote,在线直流电阻测量法需要注意外围元件对测量结果的影响
离线直流电阻测量法,DiagnosticMethod,HAS_PARAMETER,万用表内阻20kΩ/V,Parameter,在线直流电压测量法要求万用表内阻为20kΩ/V以保证精度
离线直流电阻测量法,DiagnosticMethod,RELATED_TO,离线直流电阻测量法,DiagnosticMethod,离线与在线直流电阻测量法是相关的集成电路诊断方法
万用表,Equipment,HAS_PARAMETER,万用表Rx1kΩ挡,Parameter,万用表具有Rx1Ω挡这个测量参数，但测试电流大需慎用
集成电路,Equipment,HAS_COMPONENT,外围元件,Component,集成电路包含外围元件
集成电路,Equipment,HAS_PARAMETER,引出脚直流电压,Parameter,集成电路具有引出脚直流电压参数
集成电路,Equipment,HAS_PARAMETER,供电电压,Parameter,集成电路具有供电电压参数
集成电路,Equipment,HAS_PARAMETER,静态电压,Parameter,集成电路具有静态电压参数
集成电路,Equipment,HAS_PARAMETER,动态电压,Parameter,集成电路具有动态电压参数
集成电路内部损坏,FaultPhenomenon,CAUSED_BY,供电电压不正常,FaultCause,供电电压不正常可能导致集成电路内部损坏
引出脚电压不正常,FaultPhenomenon,CAUSED_BY,外围元件损坏,FaultCause,外围元件损坏可能导致引出脚电压不正常
引出脚电压不正常,FaultPhenomenon,CAUSED_BY,集成电路内部损坏,FaultPhenomenon,集成电路内部损坏可能导致引出脚电压不正常
集成电路内部损坏,FaultPhenomenon,DIAGNOSED_BY,测量电压法,DiagnosticMethod,通过电压测量法诊断集成电路内部损坏
集成电路内部损坏,FaultPhenomenon,REPAIRED_BY,更换集成电路,RepairMethod,通过更换集成电路修复内部损坏
示波器检查法,DiagnosticMethod,RELATED_TO,示波器,Equipment,示波器检查法需要使用示波器
示波器检查法,DiagnosticMethod,RELATED_TO,信号发生器,Equipment,示波器检查法可能需要信号发生器
示波器检查法,DiagnosticMethod,HAS_PARAMETER,输入信号,Parameter,示波器检查法涉及输入信号参数
示波器,Equipment,HAS_SAFETY_NOTE,示波器接地点一致,SafetyNote,使用示波器时需注意接地点一致
压电器件,Component,HAS_COMPONENT,声表面滤波器,Component,压电器件包括声表面滤波器
压电器件,Component,HAS_COMPONENT,陶瓷滤波器,Component,压电器件包括陶瓷滤波器
压电器件,Component,HAS_COMPONENT,石英晶体,Component,压电器件包括石英晶体
声表面滤波器内部短路,FaultPhenomenon,DIAGNOSED_BY,测量电阻法,DiagnosticMethod,通过电阻测量法诊断声表面滤波器内部短路
声表面滤波器内部短路,FaultPhenomenon,REPAIRED_BY,更换声表面滤波器,RepairMethod,通过更换声表面滤波器修复内部短路
陶瓷滤波器损坏,FaultPhenomenon,DIAGNOSED_BY,测量电阻法,DiagnosticMethod,通过电阻测量法诊断陶瓷滤波器损坏
陶瓷滤波器损坏,FaultPhenomenon,DIAGNOSED_BY,替代法,DiagnosticMethod,通过替代法诊断陶瓷滤波器损坏
陶瓷滤波器损坏,FaultPhenomenon,REPAIRED_BY,更换陶瓷滤波器,RepairMethod,通过更换陶瓷滤波器修复损坏
石英晶体损坏,FaultPhenomenon,DIAGNOSED_BY,测量电阻法,DiagnosticMethod,通过电阻测量法诊断石英晶体损坏
石英晶体损坏,FaultPhenomenon,DIAGNOSED_BY,替代法,DiagnosticMethod,通过替代法诊断石英晶体损坏
石英晶体损坏,FaultPhenomenon,REPAIRED_BY,更换石英晶体,RepairMethod,通过更换石英晶体修复损坏
测量电阻法,DiagnosticMethod,RELATED_TO,万用表,Equipment,电阻测量法需要使用万用表
测量电阻法,DiagnosticMethod,HAS_PARAMETER,电阻值,Parameter,电阻测量法涉及电阻值参数
显示器件,Component,HAS_COMPONENT,LED数码管,Component,显示器件包括LED数码管
扬声器音圈断路,FaultPhenomenon,DIAGNOSED_BY,测量电阻法,DiagnosticMethod,通过电阻测量法诊断扬声器音圈断路
扬声器音圈问题,FaultPhenomenon,DIAGNOSED_BY,测量电阻法,DiagnosticMethod,通过电阻测量法诊断扬声器音圈问题
扬声器音圈断路,FaultPhenomenon,REPAIRED_BY,更换扬声器,RepairMethod,通过更换扬声器修复音圈断路
扬声器音圈问题,FaultPhenomenon,REPAIRED_BY,更换扬声器,RepairMethod,通过更换扬声器修复音圈问题
LED数码管内部短路,FaultPhenomenon,DIAGNOSED_BY,测量电阻法,DiagnosticMethod,通过电阻测量法诊断LED数码管内部短路
LED数码管内部断路,FaultPhenomenon,DIAGNOSED_BY,测量电阻法,DiagnosticMethod,通过电阻测量法诊断LED数码管内部断路
缺笔划现象,FaultPhenomenon,CAUSED_BY,LED数码管内部断路,FaultPhenomenon,LED数码管内部断路可能导致缺笔划现象
LED数码管内部短路,FaultPhenomenon,REPAIRED_BY,更换LED数码管,RepairMethod,通过更换LED数码管修复内部短路
LED数码管内部断路,FaultPhenomenon,REPAIRED_BY,更换LED数码管,RepairMethod,通过更换LED数码管修复内部断路
测量电阻法,DiagnosticMethod,HAS_SAFETY_NOTE,万用表挡位选择,SafetyNote,测量LED数码管时需注意万用表挡位选择
贴片式器件,Equipment,HAS_COMPONENT,贴片式电阻器,Component,贴片式器件包括贴片式电阻器
贴片式器件,Equipment,HAS_COMPONENT,贴片式电位器,Component,贴片式器件包括贴片式电位器
贴片式器件,Equipment,HAS_COMPONENT,贴片式电容器,Component,贴片式器件包括贴片式电容器
贴片式器件,Equipment,HAS_COMPONENT,贴片式线绕电感器,Component,贴片式器件包括贴片式线绕电感器
贴片式器件,Equipment,HAS_COMPONENT,贴片式二极管,Component,贴片式器件包括贴片式二极管
贴片式器件,Equipment,HAS_COMPONENT,贴片式三极管,Component,贴片式器件包括贴片式三极管
贴片式器件,Equipment,HAS_COMPONENT,贴片式集成电路,Component,贴片式器件包括贴片式集成电路
贴片式器件,Equipment,DIAGNOSED_BY,直标法,DiagnosticMethod,贴片式器件采用直标法进行标识识别
引脚阻值与参考值相差很大,FaultPhenomenon,CAUSED_BY,电子模块内部击穿或开路,FaultCause,引脚阻值异常可能是由于电子模块内部击穿或开路导致
万用表Rx1kΩ挡测量,DiagnosticMethod,HAS_PARAMETER,阻值,Parameter,测量方法涉及阻值参数
万用表Rx1kΩ挡测量,DiagnosticMethod,HAS_PARAMETER,参考值,Parameter,测量方法需要参考值参数进行对比
可编程逻辑控制器（PLC）,Equipment,HAS_COMPONENT,中央处理单元（CPU）,Component,PLC包含中央处理单元（CPU）
可编程逻辑控制器（PLC）,Equipment,HAS_COMPONENT,存储器（RAM）,Component,PLC包含存储器（RAM）
可编程逻辑控制器（PLC）,Equipment,HAS_COMPONENT,输入输出存储器,Component,PLC包含输入输出存储器
可编程逻辑控制器（PLC）,Equipment,HAS_COMPONENT,输入、输出接口,Component,PLC包含输入、输出接口
可编程逻辑控制器（PLC）,Equipment,BELONGS_TO,总线方式结构,System,PLC内部采用总线方式结构
红外线传感模块,Equipment,HAS_COMPONENT,热释电红外线传感模块,Equipment,红外线传感模块包括热释电红外线传感模块
红外线传感模块,Equipment,HAS_COMPONENT,红外线发射、接收模块,Equipment,红外线传感模块包括红外线发射、接收模块
HD-03C热释电红外线控制模块,Equipment,HAS_COMPONENT,传感探头（PIR）,Component,HD-03C模块需配接传感探头（PIR）
TX05C系列红外发射与接收模块,Equipment,HAS_COMPONENT,红外线接收窗,Component,TX05C-R接收模块包含红外线接收窗
TX05C系列红外发射与接收模块,Equipment,HAS_COMPONENT,状态指示灯,Component,TX05C-R接收模块包含状态指示灯
TX05C系列红外发射与接收模块,Equipment,HAS_COMPONENT,放大器,Component,TX05C-R接收模块包含放大器
TX05C系列红外发射与接收模块,Equipment,HAS_COMPONENT,解调器,Component,TX05C-R接收模块包含解调器
TX05C系列红外发射与接收模块,Equipment,HAS_COMPONENT,输出电缆,Component,TX05C-R接收模块包含输出电缆
TX05C系列红外发射与接收模块,Equipment,HAS_COMPONENT,续流二极管,Component,TX05C-R接收模块包含续流二极管
无线电发射与接收模块,Equipment,HAS_PARAMETER,收发距离,Parameter,无线电模块具有收发距离参数
无线电发射与接收模块,Equipment,HAS_PARAMETER,数字信号传输速率,Parameter,无线电模块具有数字信号传输速率参数
手动断路器,Equipment,REPLACED_BY,接触器,Equipment,接触器可替代手动断路器实现自动转换
手动断路器,Equipment,REPLACED_BY,电动操作断路器,Equipment,电动操作断路器可替代手动断路器实现自动转换
照明母线电源自动转换电路,System,HAS_COMPONENT,塑壳断路器,Equipment,电路中使用塑壳断路器作为初级开关
照明母线电源自动转换电路,System,HAS_COMPONENT,热继电器,Equipment,电路中使用热继电器作过载保护
照明母线电源自动转换电路,System,HAS_COMPONENT,三相变压器,Equipment,电路中使用三相变压器进行电压变换
照明母线电源自动转换电路,System,HAS_COMPONENT,选择开关,Component,电路中使用选择开关设定主备用状态
照明母线电源自动转换电路,System,HAS_COMPONENT,时间继电器,Equipment,电路中使用时间继电器实现备用延时动作
变压器绕组接地,FaultPhenomenon,CAUSED_BY,绕组严重受潮,FaultCause,绕组严重受潮可能导致接地故障
变压器绕组接地,FaultPhenomenon,CAUSED_BY,绕组绝缘材料老化,FaultCause,绕组绝缘材料老化可能导致接地故障
变压器绕组接地,FaultPhenomenon,CAUSED_BY,绕组绝缘受到损伤,FaultCause,绕组绝缘受到损伤可能导致接地故障
变压器绕组接地,FaultPhenomenon,CAUSED_BY,变压器引线碰壳,FaultCause,变压器引线碰壳可能导致接地故障
变压器绕组接地,FaultPhenomenon,CAUSED_BY,引出线端子处积存污垢和水分,FaultCause,引出线端子处积存污垢和水分可能导致接地故障
变压器绕组接地,FaultPhenomenon,DIAGNOSED_BY,校验灯,DiagnosticMethod,可用校验灯检查绕组接地
变压器绕组接地,FaultPhenomenon,DIAGNOSED_BY,500V兆欧表,DiagnosticMethod,可用500V兆欧表测量绕组绝缘电阻
变压器绕组接地,FaultPhenomenon,REPAIRED_BY,烘干,RepairMethod,若仅为受潮，可用烘干方法处理
变压器绕组断路,FaultPhenomenon,CAUSED_BY,接线螺钉松脱,FaultCause,接线螺钉松脱可能导致绕组断路
变压器绕组断路,FaultPhenomenon,CAUSED_BY,焊接处发热脱焊,FaultCause,焊接处发热脱焊可能导致绕组断路
变压器绕组短路,FaultPhenomenon,CAUSED_BY,导线局部受力使绝缘强度减弱,FaultCause,导线局部受力使绝缘强度减弱可能导致短路
变压器绕组短路,FaultPhenomenon,CAUSED_BY,绕组绝缘受到损伤,FaultCause,绕组绝缘被碰伤可能导致短路
变压器绕组短路,FaultPhenomenon,HAS_FAULT,变压器严重发热,FaultPhenomenon,绕组短路会导致变压器严重发热
变压器绕组短路,FaultPhenomenon,HAS_FAULT,有焦味或冒烟,FaultPhenomenon,绕组短路会产生焦味或冒烟
变压器绕组短路,FaultPhenomenon,HAS_FAULT,三相电流严重不平衡,FaultPhenomenon,绕组短路会导致三相电流严重不平衡
变压器绕组短路,FaultPhenomenon,REPAIRED_BY,停止运行,RepairMethod,发生短路时必须停止运行进行检查
接触器,Equipment,HAS_COMPONENT,灭弧罩,Component,接触器包含灭弧罩部件
接触器,Equipment,HAS_COMPONENT,主触头,Component,接触器包含主触头部件
接触器,Equipment,HAS_COMPONENT,铁芯,Component,接触器包含铁芯部件
接触器,Equipment,HAS_COMPONENT,线圈,Component,接触器包含线圈部件
主触头,Component,HAS_FAULT,触头过热,FaultPhenomenon,主触头可能发生过热故障
主触头,Component,HAS_FAULT,触头熔焊,FaultPhenomenon,主触头可能发生熔焊故障
铁芯,Component,HAS_FAULT,短路环断裂或脱落,FaultCause,铁芯的短路环可能断裂或脱落
线圈,Component,HAS_FAULT,线圈断路,FaultPhenomenon,线圈可能发生断路故障
线圈,Component,HAS_FAULT,线圈温升过高,FaultPhenomenon,线圈可能发生温升过高故障
故障信息库,System,RELATED_TO,智能式故障诊断软件,DiagnosticMethod,故障信息库为智能式故障诊断软件提供故障分析资料
在线自诊断系统,DiagnosticMethod,HAS_FAULT,程序中断或停机,FaultPhenomenon,在线自诊断系统可能遇到程序中断或停机的故障
程序中断或停机,FaultPhenomenon,CAUSED_BY,电源故障,FaultCause,程序中断或停机可能由电源故障引起
程序中断或停机,FaultPhenomenon,CAUSED_BY,CPU、存储器等微机核心部件故障,FaultCause,程序中断或停机也可能由CPU、存储器等核心部件故障引起
不引起程序中断但能给出故障信息的故障,FaultPhenomenon,CAUSED_BY,I/O设备和I/O接口故障,FaultCause,这类故障主要由I/O设备和接口故障引起
A/D故障,FaultPhenomenon,RELATED_TO,A/D转换板,Component,A/D故障与A/D转换板相关
不引起程序中断但能给出故障信息的故障,FaultPhenomenon,DIAGNOSED_BY,模块分割法,DiagnosticMethod,使用模块分割法诊断这类故障
不引起程序中断但能给出故障信息的故障,FaultPhenomenon,DIAGNOSED_BY,分析法,DiagnosticMethod,使用分析法诊断这类故障
系统完全死掉,FaultPhenomenon,DIAGNOSED_BY,插拔法,DiagnosticMethod,使用插拔法诊断系统死机故障
插拔法,DiagnosticMethod,HAS_SAFETY_NOTE,放掉人体静电,SafetyNote,使用插拔法时需要放掉人体静电
插拔法,DiagnosticMethod,HAS_SAFETY_NOTE,关掉电源,SafetyNote,使用插拔法时需要关掉电源
模拟量报警控制单元,Component,HAS_PARAMETER,显示识别信号,Parameter,模拟量报警控制单元涉及显示识别信号参数
模拟量报警控制单元,Component,HAS_PARAMETER,输入测量电路的零位和量程,Parameter,模拟量报警控制单元涉及零位和量程参数
离线自诊断功能,DiagnosticMethod,BELONGS_TO,微机监测与报警系统,System,离线自诊断功能属于微机监测与报警系统的一部分
在线自诊断系统,DiagnosticMethod,BELONGS_TO,微机监测与报警系统,System,在线自诊断系统属于微机监测与报警系统的一部分
故障诊断硬件和软件,DiagnosticMethod,BELONGS_TO,微机监测与报警系统,System,故障诊断硬件和软件属于微机监测与报警系统
船舶电站,System,HAS_COMPONENT,同步发电机,Equipment,船舶电站包含同步发电机
船舶电站,System,HAS_COMPONENT,主配电板,Equipment,船舶电站包含主配电板
发电机原动机,Equipment,HAS_FAULT,调速器失灵,FaultCause,发电机原动机可能发生调速器失灵故障
发电机原动机,Equipment,HAS_FAULT,汽缸体过热,FaultPhenomenon,发电机原动机可能发生汽缸体过热现象
同步发电机,Equipment,HAS_FAULT,发电机定子绕组烧毁或断路,FaultPhenomenon,同步发电机可能发生定子绕组烧毁或断路
同步发电机,Equipment,HAS_FAULT,励磁系统损坏,FaultPhenomenon,同步发电机可能发生励磁系统损坏
电缆接线盒绝缘破坏,FaultPhenomenon,CAUSED_BY,恶劣环境条件,FaultCause,电缆接线盒绝缘破坏可能由恶劣环境条件引起
电力系统一相接地故障,FaultPhenomenon,HAS_FAULT,某相绝缘指示灯熄灭，另两相异常明亮,FaultPhenomenon,电力系统一相接地故障表现为指示灯异常
电力系统一相接地故障,FaultPhenomenon,CAUSED_BY,用电负载单相绝缘击穿,FaultCause,电力系统一相接地故障可能由负载绝缘击穿引起
电力系统一相接地故障,FaultPhenomenon,CAUSED_BY,负载电动机接线盒接线松脱碰壳,FaultCause,电力系统一相接地故障可能由电机接线松脱碰壳引起
电力系统一相接地故障,FaultPhenomenon,CAUSED_BY,主配电板板内电力分配开关击穿,FaultCause,电力系统一相接地故障可能由配电板开关击穿引起
电力系统一相接地故障,FaultPhenomenon,CAUSED_BY,发电机内部发生接地,FaultCause,电力系统一相接地故障可能由发电机内部接地引起
电力系统绝缘电阻低故障,FaultPhenomenon,HAS_COMPONENT,400V电力系统绝缘低故障,FaultPhenomenon,绝缘电阻低故障包括400V系统故障
400V电力系统绝缘低故障,FaultPhenomenon,CAUSED_BY,露天甲板电气设备,Equipment,400V绝缘低故障常发生在露天甲板设备
400V电力系统绝缘低故障,FaultPhenomenon,CAUSED_BY,厨房电器,Equipment,220V绝缘低故障常发生在厨房电器
400V电力系统绝缘低故障,FaultPhenomenon,CAUSED_BY,甲板照明系统,System,220V绝缘低故障常发生在甲板照明系统
同步发电机,Equipment,HAS_FAULT,运行参数失调故障,FaultPhenomenon,同步发电机可能发生运行参数失调故障
运行参数失调故障,FaultPhenomenon,HAS_COMPONENT,过电流,FaultPhenomenon,运行参数失调包括过电流
运行参数失调故障,FaultPhenomenon,HAS_COMPONENT,过载,FaultPhenomenon,运行参数失调包括过载
运行参数失调故障,FaultPhenomenon,HAS_COMPONENT,短路,FaultPhenomenon,运行参数失调包括短路
运行参数失调故障,FaultPhenomenon,HAS_COMPONENT,逆功率运行,FaultPhenomenon,运行参数失调包括逆功率
运行参数失调故障,FaultPhenomenon,HAS_COMPONENT,欠电压,FaultPhenomenon,运行参数失调包括欠电压
运行参数失调故障,FaultPhenomenon,HAS_COMPONENT,过电压,FaultPhenomenon,运行参数失调包括过电压
运行参数失调故障,FaultPhenomenon,HAS_COMPONENT,低频率,FaultPhenomenon,运行参数失调包括低频率
运行参数失调故障,FaultPhenomenon,HAS_COMPONENT,高频率,FaultPhenomenon,运行参数失调包括高频率
同步发电机,Equipment,HAS_PARAMETER,发电机额定电流,Parameter,同步发电机具有额定电流参数
断路器,Component,HAS_COMPONENT,过载保护,Component,断路器包含过载保护功能
断路器,Component,HAS_COMPONENT,短路保护,Component,断路器包含短路保护功能
过载保护,Component,HAS_COMPONENT,延时音响报警器,Component,过载保护包含延时音响报警器
断路器,Component,HAS_COMPONENT,短延时脱扣器,Component,断路器包含短延时脱扣器
主配电板,Equipment,HAS_COMPONENT,绝缘指示灯,Component,主配电板装有绝缘指示灯
MVC,Equipment,HAS_COMPONENT,可控硅整流桥,Component,MVC包含可控硅整流桥作为核心部件
MVC,Equipment,HAS_COMPONENT,比较放大器,Component,MVC包含比较放大器用于控制
MVC,Equipment,HAS_COMPONENT,手动电压调节电位器 R1,Component,MVC包含手动电压调节电位器用于设定电压
MVC,Equipment,RELATED_TO,发电机,Equipment,MVC用于调节发电机的输出电压
可控硅整流桥,Component,RELATED_TO,励磁机,Equipment,可控硅整流桥输出至励磁机励磁绕组
主配电板,Equipment,HAS_COMPONENT,发电机控制屏,Component,主配电板包含发电机控制屏
发电机控制屏,Component,HAS_COMPONENT,主开关,Component,发电机控制屏包含主开关
发电机控制屏,Component,HAS_COMPONENT,分级卸载保护装置,Component,发电机控制屏包含分级卸载保护装置
发电机控制屏,Component,HAS_COMPONENT,逆流继电器,Component,发电机控制屏包含逆流继电器
发电机控制屏,Component,HAS_COMPONENT,逆功率继电器,Component,发电机控制屏包含逆功率继电器
发电机控制屏,Component,HAS_COMPONENT,手动磁场变阻器,Component,发电机控制屏包含手动磁场变阻器
发电机控制屏,Component,HAS_COMPONENT,自动电压调整器,Component,发电机控制屏包含自动电压调整器
发电机控制屏,Component,HAS_COMPONENT,充磁按钮,Component,发电机控制屏包含充磁按钮
主配电板,Equipment,HAS_COMPONENT,粗同步电抗器,Component,主配电板包含粗同步电抗器
主配电板,Equipment,HAS_COMPONENT,同步表,Component,主配电板包含同步表
主配电板,Equipment,HAS_COMPONENT,同步指示灯,Component,主配电板包含同步指示灯
主配电板,Equipment,HAS_COMPONENT,岸电主开关,Component,主配电板包含岸电主开关
主配电板,Equipment,HAS_COMPONENT,逆序保护装置,Component,主配电板包含逆序保护装置
船舶配电装置,System,HAS_COMPONENT,空气断路器,Component,配电装置装有空气断路器
船舶配电装置,System,HAS_COMPONENT,装置式开关,Component,配电装置装装置式开关
船舶配电装置,System,HAS_COMPONENT,组合开关,Component,配电装置装有组合开关
船舶配电装置,System,HAS_COMPONENT,励磁变阻器,Component,配电装置装有励磁变阻器
发电机主开关（ACB）,Component,HAS_COMPONENT,失压脱扣装置,Component,主开关由失压脱扣装置组成
发电机主开关（ACB）,Component,HAS_COMPONENT,分励脱扣装置,Component,主开关由分励脱扣装置组成
发电机主开关（ACB）,Component,HAS_COMPONENT,过电流保护装置,Component,主开关由过电流保护装置组成
发电机主开关（ACB）,Component,HAS_COMPONENT,灭弧装置,Component,主开关由灭弧装置组成
发电机主开关（ACB）,Component,HAS_COMPONENT,辅助触头,Component,主开关由辅助触头组成
DW14型断路器,Component,HAS_COMPONENT,AOJ-1s过电流脱扣器,Component,DW14型断路器附加AOJ-1s过电流脱扣器
AOJ-1s过电流脱扣器,Component,HAS_COMPONENT,电流互感器（CT）,Component,过电流脱扣器使用电流互感器进行电流检测取样
发电机主开关不能合闸,FaultPhenomenon,CAUSED_BY,失压脱扣器不能正常吸合,FaultCause,主开关不能合闸可能由失压脱扣器故障引起
发电机主开关不能合闸,FaultPhenomenon,CAUSED_BY,脱扣机构磨损严重，钩不住,FaultCause,主开关不能合闸可能由脱扣机构磨损引起
发电机主开关不能合闸,FaultPhenomenon,CAUSED_BY,过电流（或电磁）脱扣器失调,FaultCause,主开关不能合闸可能由过电流脱扣器失调引起
发电机主开关不能合闸,FaultPhenomenon,CAUSED_BY,热脱扣器动作后未复位,FaultCause,主开关不能合闸可能由热脱扣器未复位引起
失压脱扣器不能正常吸合,FaultCause,DIAGNOSED_BY,检测失压线圈两端电压,DiagnosticMethod,诊断失压脱扣器故障的方法
失压脱扣器不能正常吸合,FaultCause,DIAGNOSED_BY,检查线圈是否开路,DiagnosticMethod,诊断失压脱扣器线圈故障的方法
脱扣机构磨损严重，钩不住,FaultCause,REPAIRED_BY,检查脱扣机械，调整相应螺栓或换新,RepairMethod,修复脱扣机构磨损的方法
过电流（或电磁）脱扣器失调,FaultCause,REPAIRED_BY,校正调整至要求值,RepairMethod,修复过电流脱扣器失调的方法
热脱扣器动作后未复位,FaultCause,REPAIRED_BY,停1~2s，待热元件复位,RepairMethod,使热脱扣器复位的方法
AOJ-1s过电流脱扣器,Component,HAS_PARAMETER,基准电流,Parameter,过电流脱扣器具有基准电流参数
AOJ-1s过电流脱扣器,Component,HAS_PARAMETER,CT变比,Parameter,过电流脱扣器具有CT变比参数
发电机,Equipment,HAS_FAULT,发电机主开关不能合闸,FaultPhenomenon,发电机可能出现主开关不能合闸的故障
发电机,Equipment,HAS_FAULT,主开关合闸后电网无电压,FaultPhenomenon,发电机可能出现主开关合闸后电网无电压的故障
岸电箱,Equipment,HAS_COMPONENT,岸电电源指示灯,Component,岸电箱上装有岸电电源指示灯
岸电箱,Equipment,HAS_COMPONENT,相序测定器,Equipment,岸电箱上装有相序测定器
岸电箱,Equipment,HAS_COMPONENT,负序继电器,Component,岸电箱可能装有负序继电器
岸电箱的开关合上即跳闸,FaultPhenomenon,CAUSED_BY,相序不一致,FaultPhenomenon,开关跳闸由相序不一致引起
负序继电器,Component,DIAGNOSED_BY,相序测定器,Equipment,负序继电器通过相序测定器检测相序
无功功率分配不均,FaultPhenomenon,DIAGNOSED_BY,电流表,Component,无功功率分配不均可通过电流表指示差异判断
船舶电站,System,HAS_SAFETY_NOTE,短暂的并联运行,SafetyNote,船舶电站中船电与岸电并联仅允许短暂运行
并联运行,System,BELONGS_TO,船舶电站,System,并联运行是船舶电站的一种运行状态
发电机,Equipment,HAS_COMPONENT,功率表（有功）,Component,发电机装有有功功率表
发电机,Equipment,HAS_COMPONENT,功率因数表（cosφ表）,Component,发电机装有功率因数表
发电机,Equipment,HAS_FAULT,无功功率分配不均,FaultPhenomenon,发电机并联运行时可能出现无功功率分配不均
无功功率分配不均,FaultPhenomenon,CAUSED_BY,均压线断路,FaultPhenomenon,均压线断路会导致无功功率分配不均
无功功率分配不均,FaultPhenomenon,DIAGNOSED_BY,检查均压线接触器是否通电动作,DiagnosticMethod,通过检查接触器状态诊断故障
无功功率分配不均,FaultPhenomenon,DIAGNOSED_BY,检查均压线接触器触点是否可靠闭合,DiagnosticMethod,通过检查触点状态诊断故障
均压线断路,FaultPhenomenon,REPAIRED_BY,修复或更新,RepairMethod,通过修复或更新部件解决断路
均压线断路,FaultPhenomenon,REPAIRED_BY,打磨修理,RepairMethod,通过打磨触点解决接触不良
并车失败,FaultPhenomenon,CAUSED_BY,冲击电流,FaultPhenomenon,冲击电流可能导致并车失败和跳闸
并车失败,FaultPhenomenon,CAUSED_BY,逆功率运行,FaultPhenomenon,逆功率运行会导致保护跳闸，并车失败
发电机,Equipment,HAS_COMPONENT,过载保护,Component,发电机配备过载保护装置
过载保护,Component,HAS_COMPONENT,优先脱扣,Component,过载保护包含优先脱扣功能
过载保护,Component,HAS_COMPONENT,自动分级卸载装置,Component,过载保护可通过自动分级卸载实现
发电机主开关,Component,HAS_COMPONENT,过电流脱扣器,Component,主开关内有过电流脱扣器
过电流脱扣器,Component,HAS_COMPONENT,短延时脱扣器,Component,过电流脱扣器包含长延时功能部件
船舶电站,System,HAS_COMPONENT,发电机,Equipment,船舶电站包含发电机
船舶电站,System,HAS_SAFETY_NOTE,避免在负载剧烈变化时并车,SafetyNote,电站操作的安全注意事项
船舶电站,System,HAS_SAFETY_NOTE,不能空载或轻载并车,SafetyNote,电站操作的安全注意事项
船舶电站,System,HAS_SAFETY_NOTE,并车后须及时转移负载,SafetyNote,电站操作的安全注意事项
船舶电站,System,HAS_SAFETY_NOTE,粗同步并车合闸时刻的选择,SafetyNote,粗同步并车的操作要求
发电机,Equipment,HAS_PARAMETER,额定电流,Parameter,发电机有额定电流参数
过载保护,Component,HAS_PARAMETER,长延时整定电流,Parameter,过载保护需要整定长延时电流值
优先脱扣,Component,HAS_PARAMETER,优先脱扣整定电流,Parameter,优先脱扣需要整定动作电流值
优先脱扣,Component,HAS_PARAMETER,延时时间,Parameter,优先脱扣需要整定延时时间
均压线,Component,BELONGS_TO,直流均压连接,Component,均压线是直流均压连接的组成部分
电流稳定装置,Component,BELONGS_TO,自动电压调整器,Component,电流稳定装置是调压器的一部分
自动电压调整器,Component,HAS_PARAMETER,调差系数,Parameter,电压调整器有调差系数参数
发电机,Equipment,HAS_FAULT,外部短路故障,FaultPhenomenon,发电机可能发生外部短路故障
外部短路故障,FaultPhenomenon,REPAIRED_BY,自动空气断路器,Equipment,外部短路故障由自动空气断路器保护动作
自动空气断路器,Equipment,HAS_COMPONENT,过电流脱扣器,Component,自动空气断路器包含过电流脱扣器
外部短路故障,FaultPhenomenon,DIAGNOSED_BY,AH主开关,Equipment,通过AH主开关进行短路保护试验
AH主开关,Equipment,HAS_COMPONENT,电子脱扣器,Component,AH主开关包含电子脱扣器
电子脱扣器,Component,HAS_PARAMETER,短路电流达2~2.5倍的额定电流,Parameter,电子脱扣器设定短延时动作电流值
电子脱扣器,Component,HAS_PARAMETER,延时0.2~0.6s,Parameter,电子脱扣器设定短延时动作时间
发电机,Equipment,HAS_FAULT,欠压保护,FaultPhenomenon,发电机需要欠压保护
欠压保护,FaultPhenomenon,REPAIRED_BY,自动空气断路器,Equipment,欠压保护由自动空气断路器实现
自动空气断路器,Equipment,HAS_COMPONENT,失压脱扣器,Component,自动空气断路器包含失压脱扣器
失压脱扣器,Component,HAS_PARAMETER,电压低于额定电压的70%~80%,Parameter,带延时欠压保护动作电压设定
失压脱扣器,Component,HAS_PARAMETER,延时1~3s,Parameter,带延时欠压保护动作时间设定
发电机,Equipment,HAS_FAULT,逆功率保护,FaultPhenomenon,发电机需要逆功率保护
逆功率保护,FaultPhenomenon,REPAIRED_BY,逆功率继电器,Component,逆功率保护由逆功率继电器实现
逆功率继电器,Component,HAS_PARAMETER,额定功率的8%~15%,Parameter,逆功率保护整定值
逆功率继电器,Component,HAS_PARAMETER,延时3~10s,Parameter,逆功率保护动作延时时间
主柴油发电机组自动控制系统,System,HAS_COMPONENT,M2000型柴油机控制器,Equipment,控制系统包含M2000控制器
M2000型柴油机控制器,Equipment,RELATED_TO,控制器,Equipment,M2000型柴油机控制器简称控制器
控制器,Equipment,HAS_COMPONENT,转换开关S1,Component,控制器连接工作方式选择开关
控制器,Equipment,HAS_COMPONENT,启动按钮S2,Component,控制器连接手动启动按钮
控制器,Equipment,HAS_COMPONENT,停机按钮S3,Component,控制器连接手动停机按钮
控制器,Equipment,HAS_COMPONENT,启动输出中间继电器K3,Component,控制器输出控制启动继电器
启动输出中间继电器K3,Component,RELATED_TO,启动电磁阀,Component,K3继电器控制启动电磁阀
控制器,Equipment,HAS_COMPONENT,速度传感器SG,Component,控制器接收速度传感器信号
速度传感器SG,Component,RELATED_TO,测速继电器B,Component,SG信号输入测速继电器B
测速继电器B,Component,HAS_PARAMETER,发火转速（33%）,Parameter,测速继电器判断发火转速的阈值
控制器,Equipment,HAS_COMPONENT,运行信号中间继电器K2,Component,控制器输出运行信号继电器
控制器,Equipment,HAS_COMPONENT,停机输出中间继电器K4,Component,控制器输出控制停机继电器
停机输出中间继电器K4,Component,RELATED_TO,停机电磁阀,Component,K4继电器控制停机电磁阀
控制器,Equipment,HAS_COMPONENT,预润滑控制定时电路,Component,控制器包含预润滑定时电路
预润滑控制定时电路,Component,HAS_PARAMETER,间歇30min、动作2min,Parameter,预润滑控制的时间参数
预润滑控制定时电路,Component,RELATED_TO,中间继电器 K6,Component,定时电路通过K5继电器输出
中间继电器 K6,Component,RELATED_TO,预供油泵控制箱,Equipment,K5继电器控制预供油泵控制箱
控制器,Equipment,HAS_FAULT,启动失败,FaultPhenomenon,控制器监测启动失败故障
控制器,Equipment,HAS_FAULT,超速,FaultPhenomenon,控制器监测超速故障
控制器,Equipment,HAS_FAULT,滑油低压,FaultPhenomenon,控制器监测滑油低压故障
控制器,Equipment,HAS_FAULT,冷却水高温,FaultPhenomenon,控制器监测冷却水高温故障
滑油低压,FaultPhenomenon,DIAGNOSED_BY,压力开关,Component,滑油低压由压力开关监测
冷却水高温,FaultPhenomenon,DIAGNOSED_BY,温度开关,Component,冷却水高温由温度开关监测
断线报警,FaultPhenomenon,DIAGNOSED_BY,检测电流回路,Component,通过检测电流回路监视线路是否完好
常开信号接点,Component,HAS_COMPONENT,3.3kΩ电阻,Component,常开信号接点两端并联3.3kΩ电阻
3.3kΩ电阻,Component,RELATED_TO,检测电流回路,Component,电阻构成检测电流回路
故障信号阻塞,DiagnosticMethod,RELATED_TO,滑油压力,Parameter,对滑油压力等参数在机器不运行和启动时进行阻塞
滑油压力,Parameter,CAUSED_BY,转速故障,FaultPhenomenon,滑油有压力但无机器运转信号导致转速故障
转速故障,FaultPhenomenon,DIAGNOSED_BY,超速显示条,Component,转速故障显示在超速显示条上
转换干触点输出,Component,RELATED_TO,中间继电器 K6,Component,常闭触点控制中间继电器K6
蓄电池,Component,HAS_COMPONENT,K1,Component,蓄电池供电由K1监视
电站自动控制系统,System,HAS_COMPONENT,GAC-5型发电机自动控制系统,Equipment,电站自动控制系统包含GAC-5型发电机自动控制系统
GAC-5型发电机自动控制系统,Equipment,HAS_COMPONENT,控制单元,Component,GAC-5系统包含控制单元
GAC-5型发电机自动控制系统,Equipment,HAS_COMPONENT,备机选择开关 S1,Component,GAC-5系统包含备机选择开关S1
电网故障,FaultPhenomenon,HAS_SAFETY_NOTE,连续供电,SafetyNote,处理电网故障时应遵循连续供电原则
电网故障,FaultPhenomenon,HAS_PARAMETER,电压故障监测值,Parameter,电网故障处理依据电压故障监测值
电网故障,FaultPhenomenon,HAS_PARAMETER,频率故障监测值,Parameter,电网故障处理依据频率故障监测值
起励、合闸失败,FaultPhenomenon,RELATED_TO,起励失败,FaultPhenomenon,起励、合闸失败报警信号包含起励失败
起励、合闸失败,FaultPhenomenon,RELATED_TO,自动同步失败,FaultPhenomenon,起励、合闸失败报警信号包含自动同步失败
起励、合闸失败,FaultPhenomenon,RELATED_TO,合闸失败,FaultPhenomenon,起励、合闸失败报警信号包含合闸失败
主配电板,Equipment,HAS_COMPONENT,ACB1,Component,主配电板包含供电开关ACB1
应急电力系统,System,HAS_COMPONENT,ACB2,Component,应急电力系统包含供电开关ACB2
ACB1,Component,HAS_COMPONENT,报警辅触头,Component,ACB1具有报警辅助触点
ACB1,Component,HAS_COMPONENT,失压线圈,Component,ACB1具有失压脱扣线圈
ACB2,Component,HAS_COMPONENT,失压线圈,Component,ACB2具有失压脱扣线圈
供电自动转换功能,System,DIAGNOSED_BY,模拟失电,DiagnosticMethod,通过模拟失电检查自动转换功能
手动、自动选择开关,Component,RELATED_TO,S14,Component,选择开关具体为S14
S14,Component,CONTROLS,K34,Component,S14设定控制K34动作
应急电力系统,System,HAS_PARAMETER,手动状态,Parameter,系统具有手动工作状态
应急电力系统,System,HAS_PARAMETER,自动状态,Parameter,系统具有自动工作状态
应急电力系统,System,HAS_PARAMETER,试验状态,Parameter,系统具有试验工作状态
机旁控制箱,Equipment,HAS_COMPONENT,控制开关,Component,控制箱上装有控制开关
