name,label,description,doc_id,all_labels
船舶维修保养体系(CWBT),System,一种集计划、管理、执行、监督、指导于一体的现代船舶维修保养管理模式；船舶设备维修保养的管理体系；船舶维修保养的管理体系标准；船舶维修保养的标准化管理体系；船舶机械计划性维修制度,16558_1-2009-gbt-e-300;16558_2-2009-gbt-e-300;16558_3-2009-gbt-e-300;16558_4-2009-gbt-e-300;16558_5-2009-gbt-e-300;16558_6-2009-gbt-e-300;16558_7-2009-gbt-e-300;23438-2009-gbt-e-300,
CWBT,System,船舶维修保养体系的简称，由船舶、维修、保养、体系四个词的汉语拼音首字母组成,16558_1-2009-gbt-e-300;16558_7-2009-gbt-e-300,
代码册,Component,船舶设备经分解、分类、划分而编成的代码目录册,16558_1-2009-gbt-e-300,
标准代码目录,Component,按功能划分、分类设计编成的船舶设备代码目录册,16558_1-2009-gbt-e-300,
单船代码目录,Component,根据实船配置设备，由标准代码目录中取出代码汇编成的该船设备代码目录册,16558_1-2009-gbt-e-300,
维修手册,Component,以设备卡为单元，含有设备主要技术参数、维修技术要求、检验要求等信息的汇编册,16558_1-2009-gbt-e-300,
工作卡,Component,以设备卡为单元，编写船舶设备定期或定时维修保养工作指令有关信息的工作指南；CWBT系统中的维修任务指令卡；用于计划维修保养的执行卡片；船舶设备维修保养的工作指南；用于记录和安排维修保养工作的卡片；记录维修工作基本内容及历史的卡片；维修保养工作的执行卡片,16558_1-2009-gbt-e-300;16558_3-2009-gbt-e-300;16558_4-2009-gbt-e-300;16558_5-2009-gbt-e-300;16558_6-2009-gbt-e-300,Component;Equipment
CWBT管理信息系统,System,以电子计算机为基本信息处理手段，以现代通信设备为基本传输工具，为船舶管理决策提供信息服务的人机系统；支持CWBT运行的计算机管理系统；船舶维修保养管理信息系统；船舶维修保养体系的管理信息系统,16558_1-2009-gbt-e-300;16558_4-2009-gbt-e-300;16558_5-2009-gbt-e-300;16558_6-2009-gbt-e-300,
设备,Equipment,需单独进行维修保养的单元，可以是一台设备、数台设备、子系统或大型设备的组件/部件,16558_1-2009-gbt-e-300,
实施顺序,Parameter,对于具有多级工作卡的设备，按其计划实施日期排列的一个特检周期内循环执行次序,16558_1-2009-gbt-e-300,
维修保养周期允差,Parameter,维修保养工作卡实施日期偏离计划日期的最大允许极限,16558_1-2009-gbt-e-300,
初始化,DiagnosticMethod,按设备代码表规则要求，对单船首次所做的设备信息、维修等级、维修指南信息等录入工作,16558_1-2009-gbt-e-300,
首排及首排计划表,Component,在单船初始化完成后，为每一张工作卡确定首次计划日期的工作及所列计划表,16558_1-2009-gbt-e-300,
岸基管理人员,Component,公司(船队)海务、机务与电气主管人员；岸上组成的专业初始化人员,16558_1-2009-gbt-e-300;16558_4-2009-gbt-e-300,
船舶实施人员,Component,船长、轮机长、大副、电机员与相关设备主管人员,16558_1-2009-gbt-e-300,
单船编写人员,Component,为实船编制单船代码、设备卡、工作卡等CWBT资料初始化的有关人员,16558_1-2009-gbt-e-300,
工作计划,Component,CWBT系统中的维修保养计划安排,16558_1-2009-gbt-e-300,
船舶设备检验项目,Component,与船级社检验相关的设备检查项目,16558_1-2009-gbt-e-300,
计数器,Component,用于记录设备运行时间或周期的计量装置；用于记录定时设备组运转小时的装置,16558_1-2009-gbt-e-300;16558_4-2009-gbt-e-300,
临时工作卡,Component,针对突发或临时维修任务建立的工作指令卡；针对一次性临时工作的工作卡类型,16558_1-2009-gbt-e-300;16558_4-2009-gbt-e-300,
船舶管理人员,Component,负责船舶运营管理的人员；负责船舶维修保养管理的人员,16558_1-2009-gbt-e-300;16558_4-2009-gbt-e-300,
CWBT报告,Component,CWBT系统生成的各类工作报告,16558_1-2009-gbt-e-300,
报表,Component,CWBT系统中的数据统计表格,16558_1-2009-gbt-e-300,
记录,Component,维修保养过程中的各种书面或电子记录,16558_1-2009-gbt-e-300,
单船月度工作指令表,Component,按月制定的船舶维修工作指令清单,16558_1-2009-gbt-e-300,
维修历史数据,Component,以往维修保养过程中积累的数据,16558_1-2009-gbt-e-300,
资料,Component,与维修保养相关的技术文件和信息,16558_1-2009-gbt-e-300,
轮机长,Component,船舶轮机部门负责人；负责PMS计算机管理系统更新的授权人员；负责确认表格的轮机部负责人；负责确认设备状态报告的职务,16558_1-2009-gbt-e-300;16558_7-2009-gbt-e-300;23438-2009-gbt-e-300,Component;SafetyNote
设备主管,Component,负责具体设备管理的船员,16558_1-2009-gbt-e-300,
维修执行记录,Component,记录维修任务完成情况的文件；维修工作的记录；记录维修工作完成情况的记录,16558_1-2009-gbt-e-300;16558_5-2009-gbt-e-300;16558_6-2009-gbt-e-300,
维修检测报告,Component,设备维修后的检测结果报告,16558_1-2009-gbt-e-300,
备件消耗记录,Component,记录维修中备件使用情况的文件；维修中备件消耗的记录,16558_1-2009-gbt-e-300;16558_5-2009-gbt-e-300,
遗留工作卡,FaultPhenomenon,未按时完成的维修任务工作卡,16558_1-2009-gbt-e-300,
存有缺陷的工作卡,FaultPhenomenon,存在质量问题或信息不全的工作卡,16558_1-2009-gbt-e-300,
公司体系文件,Component,公司制定的管理体系文档,16558_1-2009-gbt-e-300,
船岸数据交换,Component,船舶与岸基之间的数据传输过程；船舶与岸基之间的数据交换流程,16558_1-2009-gbt-e-300;16558_6-2009-gbt-e-300,Component;System
岸基船舶主管,Component,公司岸上负责船舶管理的专业人员,16558_1-2009-gbt-e-300,
船舶机械计划保养系统(PMS),DiagnosticMethod,基于计划的船舶机械保养体系；一种船舶机械检验方式,16558_1-2009-gbt-e-300;16558_6-2009-gbt-e-300,DiagnosticMethod;System
船级社授权证书,Component,船级社颁发的从事PMS检验的资格证明,16558_1-2009-gbt-e-300,
船级社检验指南,Component,船级社发布的检验标准和要求,16558_1-2009-gbt-e-300,
单船代码,Component,CWBT系统中标识船舶的唯一编码,16558_1-2009-gbt-e-300,
设备卡,Component,CWBT系统中记录设备基本信息的卡片；CWBT的基础，为每个维修对象设置的卡片；记录设备信息的卡片；记录设备信息的卡片,16558_1-2009-gbt-e-300;16558_4-2009-gbt-e-300;16558_5-2009-gbt-e-300;16558_6-2009-gbt-e-300,Component;Equipment
维修保养项目,Component,具体的设备检查、保养或修理任务,16558_1-2009-gbt-e-300,
首排计划,Component,CWBT系统初始运行时的首次计划安排,16558_1-2009-gbt-e-300,
船舶电子设备,Equipment,船舶上安装的各种机械设备；船舶上的各类设备；船舶上使用的电子设备,16558_1-2009-gbt-e-300;16558_2-2009-gbt-e-300;船舶电气设备维护及检测,
船舶规范,Component,船舶设计、建造和运营的技术标准,16558_1-2009-gbt-e-300,
法规,Component,国内外相关的法律法规,16558_1-2009-gbt-e-300,
公约,Component,国际海事公约,16558_1-2009-gbt-e-300,
船检要求,Component,船级社对船舶检验的具体规定；工作卡上适用的船检规定内容；船舶检验机构对维修保养的规定,16558_1-2009-gbt-e-300;16558_4-2009-gbt-e-300,Component;Parameter;SafetyNote
企业规章制度,Component,公司内部的管理规定,16558_1-2009-gbt-e-300,
船舶设备维修标准,Component,设备维修的技术和质量标准,16558_1-2009-gbt-e-300,
船舶使用人员,Component,操作和使用船舶设备的人员,16558_1-2009-gbt-e-300,
CWBT代码,Parameter,船舶维修保养体系的编码标准,16558_2-2009-gbt-e-300,
主系统,Component,船舶设备按功能分类的主要系统,16558_2-2009-gbt-e-300,
空气系统,System,船舶设备主系统之一,16558_2-2009-gbt-e-300,
启动空气系统,Component,空气系统的子系统,16558_2-2009-gbt-e-300,
主空压机组,Equipment,维修部件，属于启动空气系统,16558_2-2009-gbt-e-300,
设备代码,Parameter,用于标识船舶设备的编码；设备卡上的设备标识代码；设备的唯一标识代码；设备的唯一识别代码,16558_2-2009-gbt-e-300;16558_4-2009-gbt-e-300;16558_7-2009-gbt-e-300,
编码原则,Parameter,CWBT代码的编制指导原则,16558_2-2009-gbt-e-300,
信息化管理,DiagnosticMethod,通过计算机系统进行管理的方法,16558_2-2009-gbt-e-300,
船岸一体化管理,DiagnosticMethod,船舶与岸基协同管理的模式,16558_2-2009-gbt-e-300,
计算机管理,DiagnosticMethod,利用计算机处理信息的管理方式,16558_2-2009-gbt-e-300,
运输船舶,System,适用于CWBT的船舶类型,16558_2-2009-gbt-e-300,
工程船舶,System,可参照CWBT的船舶类型,16558_2-2009-gbt-e-300,
舰船与海上设施,System,可参照CWBT的管理对象,16558_2-2009-gbt-e-300,
CWBT代码清册,Equipment,船舶维修保养体系代码清册,16558_2-2009-gbt-e-300,
表2,Component,CWBT代码清册的组成部分,16558_2-2009-gbt-e-300,
表3,Component,CWBT代码清册的详细内容,16558_2-2009-gbt-e-300,
维修保养级别,Parameter,船舶维修保养工作的分级，共八级；工作卡上标识的维修保养级别；工作卡的维修保养等级设置,16558_3-2009-gbt-e-300;16558_4-2009-gbt-e-300,
日常维护保养级别,System,维修保养级别的前三级，属于日常维护,16558_3-2009-gbt-e-300,
计划维修保养级别,System,维修保养级别的后五级，属于计划维修,16558_3-2009-gbt-e-300,
循环周期,Parameter,维修保养工作卡以五年为一个循环周期；定期制维修的周期,16558_3-2009-gbt-e-300;16558_5-2009-gbt-e-300,
定时周期,Parameter,以设备计数器累计'运转小时'计时的维修周期,16558_3-2009-gbt-e-300,
定期周期,Parameter,以日历日期计时的维修周期,16558_3-2009-gbt-e-300,
周期允差,Parameter,维修保养实施日期允许偏离计划日期的极限,16558_3-2009-gbt-e-300,
A级,Parameter,维修保养分级代码A，定期制1天，定时制1天；维修保养分级代码B，定期制1周，定时制1周,16558_3-2009-gbt-e-300,
C级,Parameter,维修保养分级代码C，定期制1月，定时制500运转小时,16558_3-2009-gbt-e-300,
D级,Parameter,维修保养分级代码D，定期制3月，定时制1500运转小时,16558_3-2009-gbt-e-300,
E级,Parameter,维修保养分级代码E，定期制6月，定时制3000运转小时,16558_3-2009-gbt-e-300,
F级,Parameter,维修保养分级代码F，定期制12月，定时制6000运转小时,16558_3-2009-gbt-e-300,
G级,Parameter,维修保养分级代码G，定期制30月，定时制15000运转小时,16558_3-2009-gbt-e-300,
H级,Parameter,维修保养分级代码H，定期制60月，定时制30000运转小时,16558_3-2009-gbt-e-300,
故障性维修,RepairMethod,因故障而进行的维修，不受周期允差限制,16558_3-2009-gbt-e-300,
钢质海船入级规范,System,船检规范之一，对维修保养周期允差有要求,16558_3-2009-gbt-e-300,
维修对象,Component,独立设备、设备机组、子系统、组件、部件或同维修类型的设备组合,16558_4-2009-gbt-e-300,
设备名称,Parameter,设备卡上的设备名称；设备的名称,16558_4-2009-gbt-e-300;16558_7-2009-gbt-e-300,
主要技术参数,Parameter,设备卡上记录的主要技术参数；设备的主要技术参数,16558_4-2009-gbt-e-300;16558_7-2009-gbt-e-300,
工作卡编号,Parameter,单船维修保养工作的唯一识别号；工作卡的唯一编码；工作卡的编号；维修保养工作的编号,16558_4-2009-gbt-e-300;16558_5-2009-gbt-e-300;16558_7-2009-gbt-e-300,
工作卡类别,Parameter,工作卡的类型，包括周期性、临时性、组合式；工作卡的类型分类,16558_4-2009-gbt-e-300,
维修周期,Parameter,工作卡上规定的维修保养周期；两次维修工作之间的时间间隔；设备维修保养的时间间隔,16558_4-2009-gbt-e-300;16558_6-2009-gbt-e-300,
计时制式,Parameter,工作卡采用的计时方式，包括定期制和定时制；工作卡的时间计量方式,16558_4-2009-gbt-e-300,
工作内容,Parameter,工作卡上描述的维修保养具体工作内容；工作的具体内容；维修保养工作的具体内容,16558_4-2009-gbt-e-300;16558_7-2009-gbt-e-300,
风险等级,Parameter,设备卡和工作卡上标识的风险等级；工作的风险等级,16558_4-2009-gbt-e-300;16558_7-2009-gbt-e-300,
周期性工作卡,Component,工作循环完成后自动生成新卡的工作卡类型,16558_4-2009-gbt-e-300,
组合式工作卡,Component,为同类型维修保养工作设置的特殊工作卡,16558_4-2009-gbt-e-300,
船舶电气绝缘测试,DiagnosticMethod,组合式工作卡示例，电气绝缘测试,16558_4-2009-gbt-e-300,
加注润滑脂,RepairMethod,组合式工作卡示例，机械经常性检测工作,16558_4-2009-gbt-e-300,
检查水质,DiagnosticMethod,组合式工作卡示例，水质检查,16558_4-2009-gbt-e-300,
安全救生设备检查,DiagnosticMethod,组合式工作卡示例，安全救生设备检查,16558_4-2009-gbt-e-300,
船体(甲板),System,船舶设备主管部门之一,16558_4-2009-gbt-e-300,
轮机,System,船舶设备主管部门之一,16558_4-2009-gbt-e-300,
电气,System,船舶设备主管部门之一,16558_4-2009-gbt-e-300,
船检级别,Parameter,维修保养级别中含有的船检规定内容级别,16558_4-2009-gbt-e-300,
定期制,Parameter,按公历日期计算的计时制式,16558_4-2009-gbt-e-300,
定时制,Parameter,按设备实际运转小时计数器累计值计算的计时制式,16558_4-2009-gbt-e-300,
计划,Parameter,工作卡在计划条件下的状态之一,16558_4-2009-gbt-e-300,
指令,Parameter,工作卡在计划条件下的状态之一,16558_4-2009-gbt-e-300,
超期,Parameter,工作卡在计划条件下的状态之一,16558_4-2009-gbt-e-300,
安排,Parameter,工作卡在计划条件下的状态之一,16558_4-2009-gbt-e-300,
遗留,Parameter,工作卡在计划条件下的状态之一,16558_4-2009-gbt-e-300,
取消,Parameter,工作卡在计划条件下的状态之一,16558_4-2009-gbt-e-300,
按时完成,Parameter,工作卡在报告条件下的状态之一,16558_4-2009-gbt-e-300,
提前完成,Parameter,工作卡在报告条件下的状态之一,16558_4-2009-gbt-e-300,
过期完成,Parameter,工作卡在报告条件下的状态之一,16558_4-2009-gbt-e-300,
遗留缺陷,FaultPhenomenon,工作卡完成过程中遗留未解除的缺陷,16558_4-2009-gbt-e-300,
缺陷完成,Parameter,工作卡完成过程中遗留但已解除缺陷的状态,16558_4-2009-gbt-e-300,
定时设备组,System,具有相同运转小时的不同设备组成的组,16558_4-2009-gbt-e-300,
风险评估,DiagnosticMethod,识别、评价和控制维修保养活动中风险的方法；对工作风险的评估,16558_4-2009-gbt-e-300;16558_7-2009-gbt-e-300,DiagnosticMethod;Parameter
单级工作卡,Equipment,一卡一个工作级别的工作卡输出格式,16558_4-2009-gbt-e-300,
设备工作卡,Equipment,以设备为单元的工作卡输出格式,16558_4-2009-gbt-e-300,
工作卡清册,Equipment,按条件输出的工作卡集合,16558_4-2009-gbt-e-300,
工作卡初始化,RepairMethod,建立和设置工作卡信息的过程,16558_4-2009-gbt-e-300,
设备卡初始化,RepairMethod,建立和设置设备卡信息的过程,16558_4-2009-gbt-e-300,
设备维修要求,SafetyNote,设备制造商或说明书对维修保养的规定,16558_4-2009-gbt-e-300,
维修要求,Parameter,工作卡中规定的维修标准或内容,16558_4-2009-gbt-e-300,
预留备件,Component,维修工作需预留的备件,16558_4-2009-gbt-e-300,
主管人,Component,负责维修工作的管理人员,16558_4-2009-gbt-e-300,
维修方式,Parameter,维修工作的执行方式,16558_4-2009-gbt-e-300,
检测报表,Component,维修检测结果的记录报表,16558_4-2009-gbt-e-300,
不具备执行条件,FaultCause,导致工作卡无法执行的原因,16558_4-2009-gbt-e-300,
设备状态分析,DiagnosticMethod,分析设备状态以决定是否取消工作卡的方法,16558_4-2009-gbt-e-300,
计算机管理信息系统,System,用于管理维修保养的计算机系统,16558_4-2009-gbt-e-300,
船舶安全质量管理体系,System,确保船舶安全与质量的管理体系,16558_5-2009-gbt-e-300,
船级社,Component,进行船舶检验与认证的机构,16558_5-2009-gbt-e-300,
首排日期,Parameter,工作卡首次排定的日期,16558_5-2009-gbt-e-300,
生成人,Parameter,工作卡的生成人员,16558_5-2009-gbt-e-300,
计划维修日期,Parameter,计划进行维修的日期,16558_5-2009-gbt-e-300,
计数器日平均运行小时,Parameter,设备每日平均运行小时数,16558_5-2009-gbt-e-300,
工作卡安排,Component,对工作卡内容与时间的调整安排,16558_5-2009-gbt-e-300,
工作计划表,Component,生成的各类维修工作计划表,16558_5-2009-gbt-e-300,
工作卡跟踪,DiagnosticMethod,对工作卡执行过程的全程跟踪,16558_5-2009-gbt-e-300,
预警功能,DiagnosticMethod,工作卡到期前的预警,16558_5-2009-gbt-e-300,
报警功能,DiagnosticMethod,工作卡过期后的报警,16558_5-2009-gbt-e-300,
缺陷跟踪功能,DiagnosticMethod,对执行过程中缺陷的跟踪,16558_5-2009-gbt-e-300,
检测报告,Component,设备检测的报告,16558_5-2009-gbt-e-300,
风险评估记录,Component,对维修风险进行评估的记录,16558_5-2009-gbt-e-300,
工作卡历史,Component,工作卡或设备的维修历史记录；系统功能模块，提供工作历史的查询与统计,16558_5-2009-gbt-e-300;16558_6-2009-gbt-e-300,
闭环管理,RepairMethod,通过签名确认实现工作卡的闭环管理,16558_5-2009-gbt-e-300,
签名确认,RepairMethod,由相关人员对维修记录进行签名确认,16558_5-2009-gbt-e-300,
船舶版,System,CWBT管理信息系统的船舶端版本,16558_6-2009-gbt-e-300,
岸基版,System,CWBT管理信息系统的岸基端版本,16558_6-2009-gbt-e-300,
设备计数器,Component,记录设备运行时间的计数器,16558_6-2009-gbt-e-300,
海事卫星通讯,Component,用于船岸数据交换的通讯方式,16558_6-2009-gbt-e-300,
基本信息,Component,系统功能模块，包含船舶设备信息、工作信息等,16558_6-2009-gbt-e-300,
工作卡信息,Component,系统功能模块，包含工作卡安排、报告等,16558_6-2009-gbt-e-300,
风险管理,Component,系统功能模块，对维修工作进行风险评估,16558_6-2009-gbt-e-300,
检验管理,Component,系统功能模块，包含船检项目管理、检验过程管理等,16558_6-2009-gbt-e-300,
统计分析,Component,系统功能模块，提供统计分析功能,16558_6-2009-gbt-e-300,
船舶循环检验(CMS),DiagnosticMethod,一种船舶检验方式,16558_6-2009-gbt-e-300,
定期制工单,RepairMethod,按固定周期安排维修工作的工单类型,16558_6-2009-gbt-e-300,
定时制工单,RepairMethod,按设备运行时间安排维修工作的工单类型,16558_6-2009-gbt-e-300,
日平均运行小时,Parameter,设备每日平均运行的小时数,16558_6-2009-gbt-e-300,
不修改不发送原则,SafetyNote,船岸数据交换时采用的数据发送原则,16558_6-2009-gbt-e-300,
PMS,System,船舶维修保养年度计划系统；船舶机械计划保养系统,16558_7-2009-gbt-e-300;23438-2009-gbt-e-300,
CWBT船舶设备清册,Equipment,记录船舶设备清单的报表,16558_7-2009-gbt-e-300,
CWBT设备工作卡汇总表,Equipment,汇总设备工作卡的报表；记录设备维修保养工作的卡片,16558_7-2009-gbt-e-300,
CWBT年度维修保养计划表,Equipment,制定年度维修保养计划的报表,16558_7-2009-gbt-e-300,
CWBT维修保养工作计划指令表,Equipment,下达维修保养工作指令的报表；船舶维修保养工作计划指令系统,16558_7-2009-gbt-e-300,Equipment;System
CWBT船舶维修保养月度报告表,Equipment,报告月度维修保养情况的报表；船舶维修保养月度报告系统,16558_7-2009-gbt-e-300,Equipment;System
CWBT维修保养工作完成情况表,Equipment,记录维修保养工作完成情况的报表；船舶维修保养工作完成情况记录系统,16558_7-2009-gbt-e-300,Equipment;System
PMS船舶维修保养年度计划表,Equipment,PMS系统的年度维修保养计划表,16558_7-2009-gbt-e-300,
PMS船检项目表,Equipment,PMS系统的船检项目报表；船舶检验项目记录系统,16558_7-2009-gbt-e-300,Equipment;System
船队维修保养工作统计表,Equipment,统计船队维修保养工作的报表；船队维修保养工作统计系统,16558_7-2009-gbt-e-300,Equipment;System
应急设备试验检查表,Equipment,检查应急设备试验情况的报表；应急设备试验检查记录系统,16558_7-2009-gbt-e-300,Equipment;System
船舶主要设备工作时间统计表,Equipment,统计船舶主要设备工作时间的报表；船舶主要设备工作时间统计系统,16558_7-2009-gbt-e-300,Equipment;System
设备中文名,Parameter,设备的中文名称,16558_7-2009-gbt-e-300,
型号,Parameter,设备的型号规格,16558_7-2009-gbt-e-300,
序列号,Parameter,设备的序列号,16558_7-2009-gbt-e-300,
生产厂商,Parameter,设备的生产厂家,16558_7-2009-gbt-e-300,
生产日期,Parameter,设备的生产日期,16558_7-2009-gbt-e-300,
设备状态,Parameter,设备的当前状态,16558_7-2009-gbt-e-300,
设备级别,Parameter,设备的级别分类,16558_7-2009-gbt-e-300,
工作卡名称,Parameter,工作卡的名称,16558_7-2009-gbt-e-300,
性质,Parameter,工作卡的性质,16558_7-2009-gbt-e-300,
状态,Parameter,工作卡的状态,16558_7-2009-gbt-e-300,
主管,Parameter,负责工作卡的主管人员；负责该工作的主管人员,16558_7-2009-gbt-e-300,
工作计划时间,Parameter,工作计划的安排时间,16558_7-2009-gbt-e-300,
周期,Parameter,工作的周期；维修保养工作的周期,16558_7-2009-gbt-e-300,
上次完成时间,Parameter,上次完成工作的时间,16558_7-2009-gbt-e-300,
工作等级,Parameter,工作的等级,16558_7-2009-gbt-e-300,
计划时间,Parameter,工作的计划时间,16558_7-2009-gbt-e-300,
安排时间,Parameter,工作的安排时间,16558_7-2009-gbt-e-300,
检测报表名称,Parameter,检测报表的名称,16558_7-2009-gbt-e-300,
绝缘阻值,Parameter,设备的绝缘电阻值,16558_7-2009-gbt-e-300,
远洋、沿海、江河运输船舶,System,适用本标准的船舶类型,16558_7-2009-gbt-e-300,
工程船舶、舰船与海上设施,System,可参照执行本标准的其他船舶和设施,16558_7-2009-gbt-e-300,
PMS 船舶维修保养年度计划表,System,船舶维修保养年度计划系统,16558_7-2009-gbt-e-300,
二冲程柴油机,Equipment,船舶主要动力设备,16558_7-2009-gbt-e-300,
四冲程柴油机,Equipment,船舶主要动力设备,16558_7-2009-gbt-e-300,
船检编码,Parameter,设备在船舶检验中的编码,16558_7-2009-gbt-e-300,
计划日期,Parameter,计划执行工作的日期,16558_7-2009-gbt-e-300,
上次完成日期,Parameter,上次完成工作的日期,16558_7-2009-gbt-e-300,
预防维修项目和保养部位,Parameter,预防性维修的项目和具体保养部位,16558_7-2009-gbt-e-300,
实际完成日期,Parameter,工作实际完成的日期,16558_7-2009-gbt-e-300,
完成情况(或未完成的原因),Parameter,工作完成的状态或未完成的原因,16558_7-2009-gbt-e-300,
执行人,Parameter,具体执行工作的人员,16558_7-2009-gbt-e-300,
允差,Parameter,计划日期的允许偏差,16558_7-2009-gbt-e-300,
检验项目,Parameter,需要检验的具体项目,16558_7-2009-gbt-e-300,
完成日期,Parameter,检验项目的完成日期,16558_7-2009-gbt-e-300,
备注,Parameter,额外的说明信息,16558_7-2009-gbt-e-300,
重大修理或更换,RepairMethod,对设备或零部件进行的重大修理或更换操作,16558_7-2009-gbt-e-300,
验船师,Component,执行船舶检验的专业人员；执行检验的船舶检验师,16558_7-2009-gbt-e-300;23438-2009-gbt-e-300,
船舶代码,Parameter,船舶的唯一识别代码,16558_7-2009-gbt-e-300,
船舶名称,Parameter,船舶的名称,16558_7-2009-gbt-e-300,
船舶部门,Parameter,船舶所属的部门,16558_7-2009-gbt-e-300,
报告最新日期,Parameter,报告的最新日期,16558_7-2009-gbt-e-300,
完成工作总数,Parameter,完成的工作总数,16558_7-2009-gbt-e-300,
超期未完成率,Parameter,超期未完成工作的比率,16558_7-2009-gbt-e-300,
按期完成率,Parameter,按期完成工作的比率,16558_7-2009-gbt-e-300,
提前完成率,Parameter,提前完成工作的比率,16558_7-2009-gbt-e-300,
过期完成率,Parameter,过期后完成工作的比率,16558_7-2009-gbt-e-300,
应急设备名称,Parameter,应急设备的名称,16558_7-2009-gbt-e-300,
计划试验日期,Parameter,计划进行试验的日期,16558_7-2009-gbt-e-300,
主要部件,Component,设备的主要组成部分,16558_7-2009-gbt-e-300,
主机,Equipment,船舶主推进柴油机,16558_7-2009-gbt-e-300,
气缸盖,Component,柴油机气缸的顶部盖板；发动机气缸的顶部盖板,16558_7-2009-gbt-e-300,
排气阀,Component,控制气缸废气排出的阀门,16558_7-2009-gbt-e-300,
喷油器,Component,向气缸内喷射燃油的装置,16558_7-2009-gbt-e-300,
缸头启动阀,Component,位于气缸头用于启动的阀门,16558_7-2009-gbt-e-300,
缸头安全阀,Component,位于气缸头的安全泄压阀门,16558_7-2009-gbt-e-300,
高压油泵,Component,为喷油器提供高压燃油的泵,16558_7-2009-gbt-e-300,
缸套,Component,气缸的内衬套；发动机气缸的内衬套,16558_7-2009-gbt-e-300,
活塞头,Component,活塞的顶部部分,16558_7-2009-gbt-e-300,
吊缸检修,RepairMethod,将气缸组件吊出进行检修的维修方法；将气缸吊出进行检修的维修方法,16558_7-2009-gbt-e-300,
更换,RepairMethod,用新部件替换旧部件的维修方法,16558_7-2009-gbt-e-300,
换新,RepairMethod,更换全新部件的维修方法,16558_7-2009-gbt-e-300,
检修,RepairMethod,检查、测试和修理的维修方法；检查、测试和修理的维护方法,16558_7-2009-gbt-e-300,
工作小时,Parameter,设备或部件自上次维修后的累计运行时间；设备或部件累计运行的时间参数,16558_7-2009-gbt-e-300,
最大磨损量,Parameter,部件（如缸套）在检修时测量的最大磨损尺寸,16558_7-2009-gbt-e-300,
更换日期,Parameter,部件被更换的具体日期,16558_7-2009-gbt-e-300,
换新日期,Parameter,部件被换新的具体日期；部件更换的具体日期,16558_7-2009-gbt-e-300,
检修后工作小时,Parameter,部件自上次检修后的累计运行时间；部件检修后累计运行小时数,16558_7-2009-gbt-e-300,
换新后工作小时,Parameter,部件自上次换新后的累计运行时间；部件更换后累计运行小时数,16558_7-2009-gbt-e-300,
磨损,FaultPhenomenon,部件因摩擦导致的尺寸减小；部件表面材料因摩擦而减少的现象,16558_7-2009-gbt-e-300,
No.2缸气缸盖,Component,2号气缸的气缸盖；9号气缸的气缸盖,16558_7-2009-gbt-e-300,
No.10缸缸套,Component,1号气缸的缸套；2号气缸的缸套；3号气缸的缸套；4号气缸的缸套；5号气缸的缸套；7号气缸的缸套；8号气缸的缸套；9号气缸的缸套；10号气缸的缸套；6号气缸的缸套，磨损量最大,16558_7-2009-gbt-e-300,
No.6缸缸套磨损量3.40mm,FaultPhenomenon,6号气缸缸套出现严重磨损，最大磨损量达3.40毫米,16558_7-2009-gbt-e-300,
活塞裙,Component,柴油机活塞的裙部部件,16558_7-2009-gbt-e-300,
填料承,Component,柴油机填料函部件,16558_7-2009-gbt-e-300,
十字头轴承,Component,十字头式柴油机的十字头轴承,16558_7-2009-gbt-e-300,
连杆轴承,Component,连接连杆与曲轴的轴承,16558_7-2009-gbt-e-300,
主轴承,Component,支撑曲轴的主轴承；支撑发动机曲轴的主要轴承,16558_7-2009-gbt-e-300,
透平增压器,Component,柴油机废气涡轮增压器,16558_7-2009-gbt-e-300,
空气冷却器,Component,用于冷却增压空气的冷却器；冷却增压后空气的装置,16558_7-2009-gbt-e-300,
调速器,Component,柴油机转速调节装置；控制发动机转速的装置,16558_7-2009-gbt-e-300,
链条和传动装置,Component,柴油机的链条传动系统,16558_7-2009-gbt-e-300,
系统滑油,Component,柴油机润滑系统用滑油；发动机润滑系统的润滑油,16558_7-2009-gbt-e-300,
工作时间统计表,DiagnosticMethod,记录部件工作时间的统计表格,16558_7-2009-gbt-e-300,
取样化验,DiagnosticMethod,对滑油等介质进行取样分析,16558_7-2009-gbt-e-300,
大管轮,SafetyNote,负责统计表格的轮机部高级船员,16558_7-2009-gbt-e-300,
船管部,SafetyNote,船舶管理部门；负责监督船舶设备管理的部门,16558_7-2009-gbt-e-300,
机务监督,SafetyNote,公司机务管理人员；负责监督轮机设备的职务,16558_7-2009-gbt-e-300,
船舶总管,SafetyNote,公司船舶总管人员；负责船舶总体管理的职务,16558_7-2009-gbt-e-300,
CWBT-12 四冲程柴油机,Equipment,船舶四冲程柴油机设备,16558_7-2009-gbt-e-300,
缸号,Parameter,柴油机气缸编号,16558_7-2009-gbt-e-300,
轴承编号,Parameter,轴承的序列编号,16558_7-2009-gbt-e-300,
部件编号,Parameter,部件的序列编号,16558_7-2009-gbt-e-300,
副机,Equipment,船舶辅助发动机,16558_7-2009-gbt-e-300,
进、排气阀,Component,控制气缸进气和排气的阀门,16558_7-2009-gbt-e-300,
活塞,Component,在气缸内往复运动的部件,16558_7-2009-gbt-e-300,
增压器,Component,提高发动机进气压力的装置,16558_7-2009-gbt-e-300,
凸轮轴,Component,控制气门开闭的轴,16558_7-2009-gbt-e-300,
更新,RepairMethod,用新部件替换旧部件的维修方法,16558_7-2009-gbt-e-300,
检修后最大磨损量,Parameter,检修后测量的最大磨损尺寸参数,16558_7-2009-gbt-e-300,
二管轮,SafetyNote,负责统计和报告设备状态的职务,16558_7-2009-gbt-e-300,
计划保养系统(PMS),System,对船舶设备采用周期性维修保养的计划管理系统,23438-2009-gbt-e-300,
状态监控设备,Equipment,利用状态监测技术来分析判别运行状态的设备；用于监控设备状态的设备,23438-2009-gbt-e-300,
船舶机械计划保养系统检验,DiagnosticMethod,以PMS替代循环检验或特别检验的制度,23438-2009-gbt-e-300,
PMS确认性检查,DiagnosticMethod,对PMS附加标志有效性进行的年度确认检查,23438-2009-gbt-e-300,
实施检验,DiagnosticMethod,船舶运行一年后进行的首次PMS确认性检验,23438-2009-gbt-e-300,
PMS计算机管理系统,System,用于管理PMS的计算机系统,23438-2009-gbt-e-300,
年度审核,DiagnosticMethod,每年对PMS执行情况进行的确认性审核,23438-2009-gbt-e-300,
机械故障/失效,FaultPhenomenon,机械设备的故障或失效现象,23438-2009-gbt-e-300,
状态监测技术,DiagnosticMethod,如振动信号、滑油分析等方法,23438-2009-gbt-e-300,
维修保养计划,RepairMethod,PMS设备的周期性维修保养计划,23438-2009-gbt-e-300,
预防性维修程序,RepairMethod,每个PMS设备的预防性维修程序,23438-2009-gbt-e-300,
设备制造厂说明书,Component,设备制造厂提供的维修保养说明书,23438-2009-gbt-e-300,
CCS验船师,Component,执行PMS检验和签署的人员,23438-2009-gbt-e-300,
PMS设备,Equipment,纳入计划保养系统的船舶设备,23438-2009-gbt-e-300,
基准数据,Parameter,状态监控设备的原始基准数据,23438-2009-gbt-e-300,
监测数据,Parameter,状态监控设备定期监测得到的数据,23438-2009-gbt-e-300,
修理记录,RepairMethod,设备维修保养记录中的修理部分,23438-2009-gbt-e-300,
备件更换情况,RepairMethod,设备维修保养记录中的备件更换情况,23438-2009-gbt-e-300,
机械设备,Equipment,船舶上的机械设备,23438-2009-gbt-e-300,
工作参数,Parameter,机械设备的运行参数,23438-2009-gbt-e-300,
许用值,Parameter,允许使用的参数极限值,23438-2009-gbt-e-300,
机械设备故障,FaultPhenomenon,机械设备发生的故障；机械设备的故障,23438-2009-gbt-e-300,
损坏的机械零部件,Component,损坏后被替换的机械零部件,23438-2009-gbt-e-300,
测量数据不准确,FaultPhenomenon,测量得到的数据不准确,23438-2009-gbt-e-300,
测量数据已超过允许极限,FaultPhenomenon,测量数据超过了允许的极限值,23438-2009-gbt-e-300,
轮机年度检验,DiagnosticMethod,对轮机进行的年度检验,23438-2009-gbt-e-300,
PMS年度审核,DiagnosticMethod,对PMS系统进行的年度审核,23438-2009-gbt-e-300,
轮机入级证书换证检验,DiagnosticMethod,为换发轮机入级证书进行的检验,23438-2009-gbt-e-300,
PMS设备(包括部件)的损坏,FaultPhenomenon,PMS系统设备或部件的损坏,23438-2009-gbt-e-300,
修理,RepairMethod,对损坏设备进行的修理,23438-2009-gbt-e-300,
纠正措施,RepairMethod,为纠正问题采取的措施,23438-2009-gbt-e-300,
PMS航海日志,Component,记录PMS相关活动的航海日志,23438-2009-gbt-e-300,
过期的遗留项目,FaultPhenomenon,超过期限未完成的遗留检验项目,23438-2009-gbt-e-300,
未经修理的设备损坏记录,FaultPhenomenon,设备损坏后未经修理的记录,23438-2009-gbt-e-300,
PMS检验项目,Component,PMS系统中需要检验的项目,23438-2009-gbt-e-300,
保养间隔期,Parameter,两次保养之间的时间间隔,23438-2009-gbt-e-300,
保养计划,Component,设备保养的计划安排,23438-2009-gbt-e-300,
CCS《钢质海船入级规范》,Component,中国船级社的钢质海船入级规范,23438-2009-gbt-e-300,
船东,Component,船舶的所有者,23438-2009-gbt-e-300,
CCS,Component,中国船级社,23438-2009-gbt-e-300,
电气设备,Equipment,需要进行检修的设备,船舶电气设备维护及检测,
故障设备,Equipment,发生故障的电气设备,船舶电气设备维护及检测,
测量电阻法,DiagnosticMethod,在通电前进行的测量方法；参数测试法中的具体方法；使用万用表测量电阻值判断器件好坏,船舶电气设备维护及检测,
公用电路,System,电气系统中为各专用电路提供能量和信息的公共部分,船舶电气设备维护及检测,
专用电路,System,电气系统中实现特定功能的电路,船舶电气设备维护及检测,
电源单元,Component,电气设备中提供电能的部件,船舶电气设备维护及检测,
电气安全操作规程,SafetyNote,查修电气故障时必须遵守的安全规定,船舶电气设备维护及检测,
切断电源,SafetyNote,查修故障时的安全措施；在线测量时必须先切断电路电源,船舶电气设备维护及检测,
挂上警告牌,SafetyNote,防止误送电的安全措施,船舶电气设备维护及检测,
安全电压,Parameter,手提灯等检修照明设备允许的电压范围,船舶电气设备维护及检测,
带电测试或检修,RepairMethod,特殊情况下的检修方式,船舶电气设备维护及检测,
专人看护,SafetyNote,带电检修时的安全监护要求,船舶电气设备维护及检测,
故障现象,FaultPhenomenon,电气设备出现故障时的表现,船舶电气设备维护及检测,
故障原因,FaultCause,导致故障发生的原因,船舶电气设备维护及检测,
检修经过,RepairMethod,故障检修的过程记录,船舶电气设备维护及检测,
接触不良,FaultPhenomenon,电子设备常见故障类型之一,船舶电气设备维护及检测,
印刷电路板与插槽接触不良,FaultPhenomenon,接触不良的具体表现,船舶电气设备维护及检测,
电缆线内部折断时通时不通,FaultPhenomenon,接触不良的具体表现,船舶电气设备维护及检测,
线插头及接线端子接触不好,FaultPhenomenon,接触不良的具体表现,船舶电气设备维护及检测,
元器件虚焊,FaultPhenomenon,接触不良的具体表现,船舶电气设备维护及检测,
信号受干扰,FaultPhenomenon,电子设备常见故障类型之一,船舶电气设备维护及检测,
元器件热稳定性不好,FaultCause,电子设备常见故障原因之一,船舶电气设备维护及检测,
电解电容器,Component,热稳定性最差的元器件；具有极性、容量较大的电容器,船舶电气设备维护及检测,
电路板上有湿气、积尘,FaultCause,导致故障的环境因素,船舶电气设备维护及检测,
软件参数裕量调得太低,FaultCause,软件因素导致的故障原因,船舶电气设备维护及检测,
不通电观察法,DiagnosticMethod,电子设备故障分析方法之一,船舶电气设备维护及检测,
通电观察法,DiagnosticMethod,电子设备故障分析方法之一,船舶电气设备维护及检测,
参数测试法,DiagnosticMethod,电子设备故障分析方法之一,船舶电气设备维护及检测,
波形观测法,DiagnosticMethod,电子设备故障分析方法之一,船舶电气设备维护及检测,
测量电压法,DiagnosticMethod,参数测试法中的具体方法；测量集成电路引出脚直流电压判断故障,船舶电气设备维护及检测,
自耦变压器,Component,通电观察法中使用的设备,船舶电气设备维护及检测,
整流电路,System,电子设备中易发生故障的电路部分,船舶电气设备维护及检测,
跳火,FaultPhenomenon,通电观察时可能发现的故障现象,船舶电气设备维护及检测,
冒烟,FaultPhenomenon,通电观察时可能发现的故障现象,船舶电气设备维护及检测,
异味,FaultPhenomenon,通电观察时可能发现的故障现象,船舶电气设备维护及检测,
烧毁熔断器,FaultPhenomenon,通电观察时可能发现的故障现象,船舶电气设备维护及检测,
电阻烧坏,FaultPhenomenon,不通电观察可能发现的故障,船舶电气设备维护及检测,
电容器漏液或炸裂,FaultPhenomenon,不通电观察可能发现的故障,船舶电气设备维护及检测,
电源变压器损坏,FaultPhenomenon,不通电观察可能发现的故障,船舶电气设备维护及检测,
电路断线,FaultPhenomenon,不通电观察可能发现的故障,船舶电气设备维护及检测,
插件松脱,FaultPhenomenon,不通电观察可能发现的故障,船舶电气设备维护及检测,
万用表,DiagnosticMethod,用于测量电阻、电压、电流等的电子测量仪器；用于测量电压、电流、电阻等电学量的仪表；用于测量电阻、电压、电流等的多功能仪表；用于测量变压器绝缘性能和电阻的工具,船舶电气设备维护及检测,DiagnosticMethod;Equipment
机械调零,DiagnosticMethod,通过调节表头中间的机械调零螺丝使表针对准零点位置,船舶电气设备维护及检测,
欧姆调零,DiagnosticMethod,将红黑表笔短接，调节调零旋钮使表针对准欧姆刻度线零点位置,船舶电气设备维护及检测,
电阻挡,Component,万用表用于测量电阻的挡位,船舶电气设备维护及检测,
单手测量法,DiagnosticMethod,一只手拿电阻器，另一只手拿表笔进行测量，避免人体电阻影响,船舶电气设备维护及检测,
电阻器,Component,电子电路中用于限制电流、分压等的元件,船舶电气设备维护及检测,
开路,FaultPhenomenon,电阻器出现断路、引线脱落、膜层脱离、烧断等故障,船舶电气设备维护及检测,
短路,FaultPhenomenon,电阻器阻值远小于标称值或为零欧姆；电路两点间低阻抗连接,船舶电气设备维护及检测,
烧焦,FaultPhenomenon,电阻器表面烧焦，表明性能不良或损坏,船舶电气设备维护及检测,
开裂,FaultPhenomenon,电阻器表面开裂，表明性能不良或损坏,船舶电气设备维护及检测,
光敏电阻器,Component,电阻值随光照强度变化的电阻器,船舶电气设备维护及检测,
热敏电阻器,Component,电阻值随温度变化的电阻器,船舶电气设备维护及检测,
可变电阻器,Component,阻值可以调节的电阻器,船舶电气设备维护及检测,
在线测量,DiagnosticMethod,在电路板上直接测量元器件性能,船舶电气设备维护及检测,
额定功率,Parameter,电阻器能够长期安全工作的最大功率,船舶电气设备维护及检测,
工作电压,Parameter,电阻器实际工作时承受的电压,船舶电气设备维护及检测,
耐压,Parameter,电阻器能够承受的最大电压,船舶电气设备维护及检测,
表面处理,RepairMethod,安装前刮掉引脚氧化层并镀锡，保证焊接可靠性,船舶电气设备维护及检测,
电容器,Component,电子电路中用于存储电荷的元件,船舶电气设备维护及检测,
开路失效,FaultPhenomenon,电容器内部开路，无法正常工作,船舶电气设备维护及检测,
短路击穿,FaultPhenomenon,电容器内部短路，完全失去电容特性,船舶电气设备维护及检测,
漏电,FaultPhenomenon,电容器绝缘性能下降，存在漏电流,船舶电气设备维护及检测,
容量变小,FaultPhenomenon,电容器实际容量小于标称值,船舶电气设备维护及检测,
电感器,Component,电子电路中用于存储磁能的元件,船舶电气设备维护及检测,
电感线圈,Component,由导线绕制而成的电感器件,船舶电气设备维护及检测,
引脚断开,FaultPhenomenon,电感线圈引脚断裂导致开路,船舶电气设备维护及检测,
线圈内部短路,FaultPhenomenon,电感线圈内部导线短路导致电感量变化,船舶电气设备维护及检测,
变形,FaultCause,电感线圈物理形状改变引起电感量变化,船舶电气设备维护及检测,
防止短路,SafetyNote,在线测量时需小心操作，避免造成短路,船舶电气设备维护及检测,
散热空间,SafetyNote,大功率电阻器安装时周围需留出散热空间,船舶电气设备维护及检测,
三极管,Component,一种半导体器件，用于放大或开关信号,船舶电气设备维护及检测,
基极,Component,三极管的一个引脚，用于控制电流,船舶电气设备维护及检测,
NPN型三极管,Component,一种三极管类型，由两层N型半导体夹一层P型半导体构成,船舶电气设备维护及检测,
PNP型三极管,Component,一种三极管类型，由两层P型半导体夹一层N型半导体构成,船舶电气设备维护及检测,
集电极,Component,三极管的一个引脚，通常收集载流子,船舶电气设备维护及检测,
发射极,Component,三极管的一个引脚，通常发射载流子,船舶电气设备维护及检测,
be结,Component,三极管中基极与发射极之间的PN结,船舶电气设备维护及检测,
bc结,Component,三极管中基极与集电极之间的PN结,船舶电气设备维护及检测,
ce结,Component,三极管中集电极与发射极之间的PN结,船舶电气设备维护及检测,
管子内部已断路,FaultPhenomenon,三极管内部连接断开，导致无法导通,船舶电气设备维护及检测,
管子内部已短路,FaultPhenomenon,三极管内部短路，导致电阻为零,船舶电气设备维护及检测,
可控硅,Component,一种半导体开关器件，用于控制大电流,船舶电气设备维护及检测,
控制极,Component,可控硅的一个电极，用于触发导通,船舶电气设备维护及检测,
阴极,Component,可控硅的一个电极，电流流出端,船舶电气设备维护及检测,
阳极,Component,可控硅的一个电极，电流流入端,船舶电气设备维护及检测,
控制极与阳极已击穿,FaultPhenomenon,可控硅控制极与阳极之间绝缘损坏，导致短路,船舶电气设备维护及检测,
控制极与阳极已断路,FaultPhenomenon,可控硅控制极与阳极之间连接断开,船舶电气设备维护及检测,
可控硅也已击穿,FaultPhenomenon,可控硅内部完全短路损坏,船舶电气设备维护及检测,
集成电路,Component,将多个电子元件集成在一块半导体芯片上的电路；由许多晶体管组成，各级之间采用直接耦合方式的电子设备,船舶电气设备维护及检测,Component;Equipment
离线直流电阻测量法,DiagnosticMethod,集成电路未连接电路时测量各引脚对地电阻的方法；集成电路在电路中时测量各引脚对地电阻的方法；测量集成电路各引脚对地直流电压并与参考值比较的方法,船舶电气设备维护及检测,
万用表Rx1kΩ挡,Parameter,万用表的一个电阻测量量程，用于测量较高电阻；万用表的一个电阻测量量程，用于测量低电阻，测试电流较大,船舶电气设备维护及检测,
电阻值误差10%,Parameter,允许的电阻测量值与参考值之间的偏差范围,船舶电气设备维护及检测,
万用表内阻20kΩ/V,Parameter,对万用表在电压测量时内阻的要求，以保证测量精度,船舶电气设备维护及检测,
测量前应对欧姆表校零,SafetyNote,使用万用表电阻挡前必须进行的校准步骤，以确保测量准确,船舶电气设备维护及检测,
注意外围元件的影响,SafetyNote,在线测量时需考虑电路板上其他元件对测量结果的影响,船舶电气设备维护及检测,
引出脚直流电压,Parameter,集成电路引出脚的直流电压值,船舶电气设备维护及检测,
供电电压,Parameter,集成电路的供电电压值,船舶电气设备维护及检测,
外围元件,Component,集成电路外围的电子元件,船舶电气设备维护及检测,
静态电压,Parameter,无信号时集成电路引出脚的电压,船舶电气设备维护及检测,
动态电压,Parameter,有信号时集成电路引出脚的电压,船舶电气设备维护及检测,
示波器,Equipment,用于观察和测量电信号的仪器,船舶电气设备维护及检测,
输入信号,Parameter,被测集成电路的输入信号；被测集成电路的输出信号,船舶电气设备维护及检测,
信号发生器,Equipment,产生测试信号的设备,船舶电气设备维护及检测,
压电器件,Component,具有压电特性的单晶体或多晶体器件,船舶电气设备维护及检测,
声表面滤波器,Component,一种压电器件，用作中频放大器的输入吸收回路,船舶电气设备维护及检测,
陶瓷滤波器,Component,一种LC组件的压电器件，用于滤波,船舶电气设备维护及检测,
石英晶体,Component,一种压电器件，广泛应用于振荡电路,船舶电气设备维护及检测,
电阻值,Parameter,用万用表测量得到的电阻数值,船舶电气设备维护及检测,
替代法,DiagnosticMethod,用已知良好的器件替换可疑器件以判断故障的方法,船舶电气设备维护及检测,
电声器件,Component,包括扬声器、传声器、耳机等,船舶电气设备维护及检测,
显示器件,Component,包括显像管、示波管、数码管等,船舶电气设备维护及检测,
LED数码管,Component,LED七段码显示器，有共阴和共阳两种连接方式,船舶电气设备维护及检测,
贴片式器件,Component,表面贴装技术的电子元器件；无引脚线的微型元器件，包括无源和有源贴片式器件,船舶电气设备维护及检测,Component;Equipment
集成电路内部损坏,FaultPhenomenon,集成电路内部元件损坏导致的故障,船舶电气设备维护及检测,
引出脚电压不正常,FaultPhenomenon,集成电路引出脚电压值异常,船舶电气设备维护及检测,
供电电压不正常,FaultCause,集成电路供电电压异常导致故障,船舶电气设备维护及检测,
外围元件损坏,FaultCause,集成电路外围元件损坏导致故障,船舶电气设备维护及检测,
声表面滤波器内部短路,FaultPhenomenon,声表面滤波器内部电极间电阻很小,船舶电气设备维护及检测,
陶瓷滤波器损坏,FaultPhenomenon,陶瓷滤波器电阻值为零或一定阻值,船舶电气设备维护及检测,
石英晶体损坏,FaultPhenomenon,石英晶体电阻值为零或一定阻值,船舶电气设备维护及检测,
扬声器音圈断路,FaultPhenomenon,扬声器阻值为无穷大,船舶电气设备维护及检测,
扬声器音圈问题,FaultPhenomenon,扬声器阻值为零,船舶电气设备维护及检测,
LED数码管内部短路,FaultPhenomenon,LED数码管反向电阻很小,船舶电气设备维护及检测,
LED数码管内部断路,FaultPhenomenon,LED数码管正向电阻很大,船舶电气设备维护及检测,
缺笔划现象,FaultPhenomenon,数码管某一段损坏导致显示不全,船舶电气设备维护及检测,
示波器检查法,DiagnosticMethod,使用示波器观察输入输出信号波形判断故障,船舶电气设备维护及检测,
更换集成电路,RepairMethod,更换已损坏的集成电路,船舶电气设备维护及检测,
更换声表面滤波器,RepairMethod,更换内部短路的声表面滤波器,船舶电气设备维护及检测,
更换陶瓷滤波器,RepairMethod,更换已损坏的陶瓷滤波器,船舶电气设备维护及检测,
更换石英晶体,RepairMethod,更换已损坏的石英晶体,船舶电气设备维护及检测,
更换扬声器,RepairMethod,更换质量有问题的扬声器,船舶电气设备维护及检测,
更换LED数码管,RepairMethod,更换损坏的LED数码管,船舶电气设备维护及检测,
示波器接地点一致,SafetyNote,使用示波器时需确保接地点与被测电路一致,船舶电气设备维护及检测,
万用表挡位选择,SafetyNote,测量LED数码管时避免使用R×1Ω和R×10kΩ挡,船舶电气设备维护及检测,
贴片式电阻器,Component,矩形贴片式电阻器，如RC3216,船舶电气设备维护及检测,
贴片式电位器,Component,贴片式电位器，符号RP,船舶电气设备维护及检测,
贴片式电容器,Component,矩形贴片式电容器，如CC3216,船舶电气设备维护及检测,
贴片式线绕电感器,Component,贴片式线绕电感器，符号L,船舶电气设备维护及检测,
贴片式二极管,Component,贴片式二极管，符号V,船舶电气设备维护及检测,
贴片式三极管,Component,贴片式三极管，符号V,船舶电气设备维护及检测,
贴片式集成电路,Component,贴片式集成电路，符号IC,船舶电气设备维护及检测,
直标法,DiagnosticMethod,贴片式器件的标识识别方法,船舶电气设备维护及检测,
万用表Rx1kΩ挡测量,DiagnosticMethod,用万用表测量电子模块引脚阻值的方法,船舶电气设备维护及检测,
引脚阻值与参考值相差很大,FaultPhenomenon,电子模块测量阻值与参考值不符,船舶电气设备维护及检测,
电子模块内部击穿或开路,FaultCause,电子模块损坏的原因,船舶电气设备维护及检测,
可编程逻辑控制器（PLC）,Equipment,可编程逻辑控制器，由CPU、存储器、输入输出接口等组成,船舶电气设备维护及检测,
中央处理单元（CPU）,Component,PLC的核心处理单元,船舶电气设备维护及检测,
存储器（RAM）,Component,PLC的随机存取存储器,船舶电气设备维护及检测,
输入输出存储器,Component,PLC的输入输出存储单元,船舶电气设备维护及检测,
输入、输出接口,Component,PLC与外部设备连接的接口,船舶电气设备维护及检测,
总线方式结构,System,PLC内部数据、指令传输的结构方式,船舶电气设备维护及检测,
无线电发射与接收模块,Equipment,F0O/J00系列无线电发射与接收模块,船舶电气设备维护及检测,
红外线传感模块,Equipment,包括热释电红外线传感模块和红外线发射、接收模块,船舶电气设备维护及检测,
热释电红外线传感模块,Equipment,被动式红外探测器件，如HD-03C,船舶电气设备维护及检测,
红外线发射、接收模块,Equipment,主动式控制器件，如TX05C系列,船舶电气设备维护及检测,
HD-03C热释电红外线控制模块,Equipment,热释电红外线控制模块，配接传感探头使用,船舶电气设备维护及检测,
TX05C系列红外发射与接收模块,Equipment,红外发射与接收模块，可组成对射式电子开关,船舶电气设备维护及检测,
传感探头（PIR）,Component,热释电红外线传感器探头,船舶电气设备维护及检测,
红外线接收窗,Component,TX05C-R接收模块的红外线接收部分,船舶电气设备维护及检测,
状态指示灯,Component,TX05C-R接收模块的状态指示,船舶电气设备维护及检测,
放大器,Component,TX05C-R接收模块的放大电路,船舶电气设备维护及检测,
解调器,Component,TX05C-R接收模块的解调电路,船舶电气设备维护及检测,
输出电缆,Component,TX05C-R接收模块的输出线缆,船舶电气设备维护及检测,
续流二极管,Component,TX05C-R接收模块的续流保护元件,船舶电气设备维护及检测,
引脚识别技巧,DiagnosticMethod,电子模块引脚的识别方法，参考集成电路,船舶电气设备维护及检测,
阻值,Parameter,电子模块引脚的测量阻值参数,船舶电气设备维护及检测,
参考值,Parameter,电子模块引脚的标准阻值参考,船舶电气设备维护及检测,
收发距离,Parameter,无线电发射与接收模块的传输距离，如200m以内,船舶电气设备维护及检测,
数字信号传输速率,Parameter,无线电模块的数字信号传输速率，如0.33~10 kbit,船舶电气设备维护及检测,
手动断路器,Equipment,用于手动操作的断路器,船舶电气设备维护及检测,
接触器,Equipment,用于自动转换电路的开关设备；用于控制电动机的电器,船舶电气设备维护及检测,
电动操作断路器,Equipment,用于自动操作的断路器,船舶电气设备维护及检测,
照明母线电源自动转换电路,System,用于照明母线电源自动转换的电路系统,船舶电气设备维护及检测,
塑壳断路器,Equipment,带电磁脱扣作短路保护的断路器,船舶电气设备维护及检测,
热继电器,Equipment,用于过载保护的继电器,船舶电气设备维护及检测,
三相变压器,Equipment,用于电压变换的设备,船舶电气设备维护及检测,
选择开关,Component,用于设定主备用状态的开关,船舶电气设备维护及检测,
时间继电器,Equipment,用于延时动作的继电器,船舶电气设备维护及检测,
变压器绕组接地,FaultPhenomenon,变压器绕组对地绝缘电阻为零或接近零的故障,船舶电气设备维护及检测,
绕组严重受潮,FaultCause,导致绕组绝缘能力下降的原因,船舶电气设备维护及检测,
绕组绝缘材料老化,FaultCause,导致绝缘电阻下降的原因,船舶电气设备维护及检测,
绕组绝缘受到损伤,FaultCause,机械原因导致的绝缘损伤；维护保养中导致的短路原因,船舶电气设备维护及检测,
变压器引线碰壳,FaultCause,引线与外壳接触导致接地故障,船舶电气设备维护及检测,
引出线端子处积存污垢和水分,FaultCause,导致接地故障的环境因素,船舶电气设备维护及检测,
校验灯,DiagnosticMethod,用于检查绕组接地的工具,船舶电气设备维护及检测,
500V兆欧表,DiagnosticMethod,用于测量绕组绝缘电阻的仪表,船舶电气设备维护及检测,
烘干,RepairMethod,处理受潮绕组的维修方法,船舶电气设备维护及检测,
变压器绕组断路,FaultPhenomenon,变压器绕组导线断开,船舶电气设备维护及检测,
接线螺钉松脱,FaultCause,导致绕组断路的原因,船舶电气设备维护及检测,
焊接处发热脱焊,FaultCause,导致绕组断路的原因,船舶电气设备维护及检测,
变压器绕组短路,FaultPhenomenon,变压器绕组匝间短路,船舶电气设备维护及检测,
导线局部受力使绝缘强度减弱,FaultCause,导致绕组短路的原因,船舶电气设备维护及检测,
变压器严重发热,FaultPhenomenon,绕组短路的表现现象,船舶电气设备维护及检测,
有焦味或冒烟,FaultPhenomenon,绕组短路的表现现象,船舶电气设备维护及检测,
三相电流严重不平衡,FaultPhenomenon,绕组短路的表现现象,船舶电气设备维护及检测,
停止运行,RepairMethod,处理绕组短路的初步措施,船舶电气设备维护及检测,
继电器,Equipment,用于控制电路的电器,船舶电气设备维护及检测,
自动开关,Equipment,用于配电系统的开关,船舶电气设备维护及检测,
灭弧罩,Component,接触器中用于灭弧的部件,船舶电气设备维护及检测,
主触头,Component,接触器中用于接通主电路的触头,船舶电气设备维护及检测,
铁芯,Component,接触器中电磁系统的核心部件,船舶电气设备维护及检测,
线圈,Component,接触器中产生磁场的部件,船舶电气设备维护及检测,
触头过热,FaultPhenomenon,接触器触头温度过高,船舶电气设备维护及检测,
触头熔焊,FaultPhenomenon,接触器触头焊接在一起,船舶电气设备维护及检测,
短路环断裂或脱落,FaultCause,导致铁芯故障的原因,船舶电气设备维护及检测,
线圈断路,FaultPhenomenon,接触器线圈导线断开,船舶电气设备维护及检测,
线圈温升过高,FaultPhenomenon,线圈温度超过允许值,船舶电气设备维护及检测,
故障信息库,System,保存故障资料的系统,船舶电气设备维护及检测,
智能式故障诊断软件,DiagnosticMethod,利用故障信息库进行分析的智能诊断软件,船舶电气设备维护及检测,
在线自诊断系统,DiagnosticMethod,在系统程序运行同时进行的自诊断功能,船舶电气设备维护及检测,
离线自诊断功能,DiagnosticMethod,停止系统程序仅运行诊断程序的自诊断功能,船舶电气设备维护及检测,
系统开机时的自诊断程序,DiagnosticMethod,开机时检查CPU、存储器和重要I/O设备的诊断程序,船舶电气设备维护及检测,
系统投入运行前的检验程序,DiagnosticMethod,系统运行前通过功能按钮启动的检验程序,船舶电气设备维护及检测,
外置的检验程序,DiagnosticMethod,存放在软盘或光盘中对存储器、CPU等部件进行细致检验的程序,船舶电气设备维护及检测,
微机监测与报警系统,System,用于监测和报警的微机系统,船舶电气设备维护及检测,
程序中断或停机,FaultPhenomenon,系统运行中出现程序中断或完全停止的故障现象,船舶电气设备维护及检测,
系统完全死掉,FaultPhenomenon,键盘、鼠标、显示器、打印机等无反应的故障现象,船舶电气设备维护及检测,
电源故障,FaultCause,特别是微机系统电路板上集成电路芯片电源故障,船舶电气设备维护及检测,
交、直流电源指示灯,Component,指示电源状态的指示灯,船舶电气设备维护及检测,
电源保险丝,Component,保护电源电路的保险丝,船舶电气设备维护及检测,
直流电源,Component,提供直流电的电源部件,船舶电气设备维护及检测,
打印机和显示器上给出故障信息但操作控制失效,FaultPhenomenon,显示故障信息但设备操作控制失效的故障现象,船舶电气设备维护及检测,
CPU、存储器等微机核心部件故障,FaultCause,发生在CPU、存储器等核心部件的故障,船舶电气设备维护及检测,
故障诊断硬件和软件,DiagnosticMethod,系统中装设的用于诊断故障的硬件和软件,船舶电气设备维护及检测,
不引起程序中断但能给出故障信息的故障,FaultPhenomenon,发生在I/O设备和I/O接口方面的故障，系统程序仍能运行；故障检测系统检测不到的元部件引发的故障,船舶电气设备维护及检测,
I/O设备和I/O接口故障,FaultCause,发生在输入输出设备和接口的故障,船舶电气设备维护及检测,
A/D故障,FaultPhenomenon,模数转换相关的故障,船舶电气设备维护及检测,
A/D转换板,Component,进行模数转换的电路板,船舶电气设备维护及检测,
中央系统及I/O接口电路板插座位置布置图,Component,显示电路板插座位置的图纸资料,船舶电气设备维护及检测,
I/O地址编码表,Component,记录I/O地址编码的表格,船舶电气设备维护及检测,
模块分割法,DiagnosticMethod,从模块入手检查，逐渐缩小故障范围的方法,船舶电气设备维护及检测,
分析法,DiagnosticMethod,对故障现象进行系统分析，确定故障类型和范围的方法,船舶电气设备维护及检测,
插拔法,DiagnosticMethod,通过拔除和插入电路板来确定故障部件的方法,船舶电气设备维护及检测,
替换法,RepairMethod,用相同的插件、部件或器件进行替换观察故障变化的方法,船舶电气设备维护及检测,
开关量报警控制单元,Component,处理开关量报警的控制单元,船舶电气设备维护及检测,
试验开关,Component,用于测试报警系统的开关,船舶电气设备维护及检测,
报警控制板,Component,控制报警功能的电路板,船舶电气设备维护及检测,
模拟量报警控制单元,Component,处理模拟量报警的控制单元,船舶电气设备维护及检测,
显示识别信号,Parameter,用于显示单元识别的信号,船舶电气设备维护及检测,
输入测量电路的零位和量程,Parameter,模拟量输入测量电路的零位和量程参数,船舶电气设备维护及检测,
放掉人体静电,SafetyNote,插拔电路板前需放掉人体静电的安全注意事项,船舶电气设备维护及检测,
关掉电源,SafetyNote,插拔电路板前需关掉电源的安全注意事项,船舶电气设备维护及检测,
船舶电站,System,船舶电力系统的心脏，负责供电,船舶电气设备维护及检测,
发电机原动机,Equipment,发电机的动力源,船舶电气设备维护及检测,
调速器失灵,FaultCause,原动机调速器功能失效,船舶电气设备维护及检测,
汽缸体过热,FaultPhenomenon,原动机汽缸体温度过高,船舶电气设备维护及检测,
发电机定子绕组烧毁或断路,FaultPhenomenon,发电机定子绕组损坏或断开,船舶电气设备维护及检测,
励磁系统损坏,FaultPhenomenon,发电机励磁系统故障,船舶电气设备维护及检测,
电缆接线盒绝缘破坏,FaultPhenomenon,电缆接线盒绝缘层损坏,船舶电气设备维护及检测,
合闸操作不当,FaultCause,开关合闸操作错误,船舶电气设备维护及检测,
发电机负荷控制不均衡,FaultCause,发电机负载分配不均,船舶电气设备维护及检测,
观测错误,FaultCause,仪表读数或状态判断错误,船舶电气设备维护及检测,
恶劣环境条件,FaultCause,导致设备绝缘降低的外部环境,船舶电气设备维护及检测,
突然短路,FaultPhenomenon,电路意外短路,船舶电气设备维护及检测,
突然断路,FaultPhenomenon,电路意外断开,船舶电气设备维护及检测,
电力系统一相接地故障,FaultPhenomenon,电网中某一相发生接地,船舶电气设备维护及检测,
某相绝缘指示灯熄灭，另两相异常明亮,FaultPhenomenon,接地故障的指示灯表现,船舶电气设备维护及检测,
用电负载单相绝缘击穿,FaultCause,负载绝缘损坏导致接地,船舶电气设备维护及检测,
负载电动机接线盒接线松脱碰壳,FaultCause,电机接线松动接触外壳,船舶电气设备维护及检测,
主配电板板内电力分配开关击穿,FaultCause,配电板内开关绝缘击穿,船舶电气设备维护及检测,
发电机内部发生接地,FaultCause,发电机内部绝缘损坏接地,船舶电气设备维护及检测,
电力系统绝缘电阻低故障,FaultPhenomenon,电网绝缘电阻低于正常值,船舶电气设备维护及检测,
400V电力系统绝缘低故障,FaultPhenomenon,400V电网绝缘电阻低；220V电网绝缘电阻低,船舶电气设备维护及检测,
露天甲板电气设备,Equipment,安装在露天甲板的电气设备,船舶电气设备维护及检测,
主配电板,Equipment,船舶电力分配和控制中心；电站电能集中和分配的控制中心；船舶主电源配电设备,船舶电气设备维护及检测,
厨房电器,Equipment,厨房使用的电气设备,船舶电气设备维护及检测,
甲板照明系统,System,甲板区域的照明供电系统,船舶电气设备维护及检测,
同步发电机,Equipment,船舶电站的发电设备；用于并联运行的发电机类型,船舶电气设备维护及检测,
运行参数失调故障,FaultPhenomenon,发电机运行参数超出允许范围,船舶电气设备维护及检测,
过电流,FaultPhenomenon,电流超过额定值,船舶电气设备维护及检测,
过载,FaultPhenomenon,负载超过额定容量,船舶电气设备维护及检测,
逆功率运行,FaultPhenomenon,发电机吸收功率；发电机吸收功率而非输出功率,船舶电气设备维护及检测,
欠电压,FaultPhenomenon,电压低于额定值,船舶电气设备维护及检测,
过电压,FaultPhenomenon,电压高于额定值,船舶电气设备维护及检测,
低频率,FaultPhenomenon,频率低于额定值,船舶电气设备维护及检测,
高频率,FaultPhenomenon,频率高于额定值,船舶电气设备维护及检测,
发电机额定电流,Parameter,发电机设计的额定工作电流,船舶电气设备维护及检测,
断路器,Component,用于过载和短路保护的开关设备,船舶电气设备维护及检测,
过载保护,Component,防止设备过载的保护功能；防止发电机过载的保护装置,船舶电气设备维护及检测,
短路保护,Component,防止短路电流损坏的保护功能,船舶电气设备维护及检测,
延时音响报警器,Component,过载时发出延时报警的装置,船舶电气设备维护及检测,
短延时脱扣器,Component,断路器中的短延时跳闸机构；具有长延时特性的过流脱扣器,船舶电气设备维护及检测,
绝缘指示灯,Component,指示电网绝缘状态的指示灯,船舶电气设备维护及检测,
MVC,Equipment,相位控制的可控硅整流桥，用于手动调节发电机输出电压,船舶电气设备维护及检测,
可控硅整流桥,Component,MVC的核心部件，通过调节导通角改变励磁电压,船舶电气设备维护及检测,
励磁机,Equipment,为发电机提供励磁电流的设备,船舶电气设备维护及检测,
发电机,Equipment,船舶电站中产生电能的设备；船舶发电设备,船舶电气设备维护及检测,
比较放大器,Component,比较设定电压与取样电压并输出控制信号,船舶电气设备维护及检测,
手动电压调节电位器 R1,Component,用于手动设定电压的电位器,船舶电气设备维护及检测,
发电机控制屏,Component,主配电板的一部分，用于控制发电机供电和保护,船舶电气设备维护及检测,
主开关,Component,控制发电机与主汇流排接通或断开的开关,船舶电气设备维护及检测,
分级卸载保护装置,Component,发电机过载时分级卸去次要负载的保护装置,船舶电气设备维护及检测,
逆流继电器,Component,防止发电机运行在电动状态的保护装置,船舶电气设备维护及检测,
逆功率继电器,Component,防止发电机逆功率运行的保护装置；实现逆功率保护的继电器,船舶电气设备维护及检测,
手动磁场变阻器,Component,手动调节励磁电流以稳定发电机电压,船舶电气设备维护及检测,
自动电压调整器,Component,自动调节励磁电流以稳定发电机电压；自动调节发电机电压的装置,船舶电气设备维护及检测,
充磁按钮,Component,用于发电机剩磁不够时进行充磁,船舶电气设备维护及检测,
粗同步电抗器,Component,限制并车时冲击电流的设备,船舶电气设备维护及检测,
同步表,Component,指示并车前发电机同步状态的仪表,船舶电气设备维护及检测,
同步指示灯,Component,指示并车前发电机同步状态的指示灯；用于指示同步状态的指示灯,船舶电气设备维护及检测,
岸电主开关,Component,控制岸电供电及断电的开关；控制岸电接入电网的开关,船舶电气设备维护及检测,
逆序保护装置,Component,防止岸电逆序或缺相时向船舶电网供电,船舶电气设备维护及检测,
空气断路器,Component,配电装置中常用的控制保护电器,船舶电气设备维护及检测,
装置式开关,Component,配电装置中常用的控制保护电器,船舶电气设备维护及检测,
组合开关,Component,配电装置中常用的控制保护电器,船舶电气设备维护及检测,
励磁变阻器,Component,用于调节励磁电流的变阻器,船舶电气设备维护及检测,
发电机主开关（ACB）,Component,发电机与主汇流排接通与断开的关键部件,船舶电气设备维护及检测,
失压脱扣装置,Component,主开关的一部分，用于失压保护,船舶电气设备维护及检测,
分励脱扣装置,Component,主开关的一部分，用于分励脱扣,船舶电气设备维护及检测,
过电流保护装置,Component,主开关的一部分，用于过电流保护,船舶电气设备维护及检测,
灭弧装置,Component,主开关的一部分，用于灭弧,船舶电气设备维护及检测,
辅助触头,Component,主开关的一部分，用于控制及信号指示,船舶电气设备维护及检测,
DW14型断路器,Component,引进日本技术的断路器，船舶常用,船舶电气设备维护及检测,
AOJ-1s过电流脱扣器,Component,发电机断路器的过电流脱扣器,船舶电气设备维护及检测,
电流互感器（CT）,Component,用于电流检测取样的互感器,船舶电气设备维护及检测,
发电机主开关不能合闸,FaultPhenomenon,发电机主开关无法正常合闸的故障现象,船舶电气设备维护及检测,
失压脱扣器不能正常吸合,FaultCause,导致主开关不能合闸的可能原因,船舶电气设备维护及检测,
脱扣机构磨损严重，钩不住,FaultCause,导致主开关不能合闸的可能原因,船舶电气设备维护及检测,
过电流（或电磁）脱扣器失调,FaultCause,导致主开关不能合闸的可能原因,船舶电气设备维护及检测,
热脱扣器动作后未复位,FaultCause,导致主开关不能合闸的可能原因,船舶电气设备维护及检测,
主开关合闸后电网无电压,FaultPhenomenon,主开关合闸后电网没有电压输出的故障现象,船舶电气设备维护及检测,
检测失压线圈两端电压,DiagnosticMethod,检查失压脱扣器故障的方法,船舶电气设备维护及检测,
检查线圈是否开路,DiagnosticMethod,检查失压脱扣器线圈故障的方法,船舶电气设备维护及检测,
检查脱扣机械，调整相应螺栓或换新,RepairMethod,修复脱扣机构磨损的方法,船舶电气设备维护及检测,
校正调整至要求值,RepairMethod,修复过电流脱扣器失调的方法,船舶电气设备维护及检测,
停1~2s，待热元件复位,RepairMethod,使热脱扣器复位的方法,船舶电气设备维护及检测,
船舶配电装置,System,船舶上用于配电的装置系统,船舶电气设备维护及检测,
基准电流,Parameter,被保护发电机的额定电流，是保护动作值的依据,船舶电气设备维护及检测,
CT变比,Parameter,电流互感器的变比，是试验时模拟电流的计算依据,船舶电气设备维护及检测,
岸电箱,Equipment,用于连接岸上电源的设备,船舶电气设备维护及检测,
船舶发电机,Equipment,船舶自备发电设备,船舶电气设备维护及检测,
船电与岸电并联设施,Equipment,允许船电和岸电短暂并联运行的设备,船舶电气设备维护及检测,
岸电电源指示灯,Component,指示岸电是否通电的指示灯,船舶电气设备维护及检测,
相序测定器,Equipment,用于检测岸电与船电相序是否一致的装置,船舶电气设备维护及检测,
负序继电器,Component,当相序不一致时使开关跳闸的保护继电器,船舶电气设备维护及检测,
岸电指示器,Component,在主配电板前指示岸电是否通电的装置,船舶电气设备维护及检测,
发电机主开关,Component,控制发电机与电网连接的主开关；发电机的主空气断路器,船舶电气设备维护及检测,
相序不一致,FaultPhenomenon,岸电与船电相序不匹配,船舶电气设备维护及检测,
岸电箱的开关合上即跳闸,FaultPhenomenon,合上岸电箱开关后立即跳闸,船舶电气设备维护及检测,
整步表,Equipment,用于手动准同步法指示相位差的仪表,船舶电气设备维护及检测,
自动同步装置,Equipment,自动完成合闸操作的装置,船舶电气设备维护及检测,
自动并车装置,Equipment,自动检测和调节频率、相位以实现并车的装置,船舶电气设备维护及检测,
并车电抗器,Component,用于粗同步法，减小并车冲击电流的电抗器,船舶电气设备维护及检测,
手动调速开关,Component,用于调节柴油机油门大小的开关,船舶电气设备维护及检测,
功率表（有功）,Component,指示发电机有功功率的仪表；测量功率的仪表；指示有功功率的仪表,船舶电气设备维护及检测,Component;Equipment
电流表,Component,指示发电机电流的仪表,船舶电气设备维护及检测,
自动调频调载装置,Equipment,自动进行有功功率调节和分配的装置,船舶电气设备维护及检测,
相序一致,Parameter,待并发电机与电网相序一致的条件,船舶电气设备维护及检测,
频率相等,Parameter,待并发电机频率与电网频率相等的条件,船舶电气设备维护及检测,
相位相等,Parameter,待并发电机电压初相位与电网电压相位相同的条件,船舶电气设备维护及检测,
电压有效值相等,Parameter,待并发电机电压有效值与电网电压有效值相等的条件,船舶电气设备维护及检测,
船舶发电机合闸供电,SafetyNote,船舶接岸电时严禁的操作,船舶电气设备维护及检测,
短暂的并联运行,SafetyNote,船电与岸电并联仅允许短暂运行,船舶电气设备维护及检测,
并联运行,System,多台发电机同时向电网供电的运行状态,船舶电气设备维护及检测,
功率因数表（cosφ表）,Component,指示功率因数的仪表,船舶电气设备维护及检测,
无功功率分配不均,FaultPhenomenon,并联运行时无功功率分配不均匀,船舶电气设备维护及检测,
均压线,Component,用于实现无功功率均匀分配的连接线,船舶电气设备维护及检测,
电流稳定装置,Component,用于稳定无功电流分配的装置,船舶电气设备维护及检测,
直流均压连接,Component,将励磁绕组并联的均压连接方法,船舶电气设备维护及检测,
交流均压连接,Component,将移相电抗器并联的均压连接方法,船舶电气设备维护及检测,
励磁绕组,Component,发电机产生磁场的绕组,船舶电气设备维护及检测,
均压线接触器,Component,控制均压线通断的接触器,船舶电气设备维护及检测,
均压线断路,FaultPhenomenon,均压线连接断开,船舶电气设备维护及检测,
并车失败,FaultPhenomenon,发电机并联操作失败,船舶电气设备维护及检测,
电网跳闸,FaultPhenomenon,电网保护动作断开,船舶电气设备维护及检测,
冲击电流,FaultPhenomenon,并车时产生的瞬时大电流,船舶电气设备维护及检测,
优先脱扣,Component,过载时优先切断次要负载的装置,船舶电气设备维护及检测,
自动分级卸载装置,Component,分级卸除负载的自动装置,船舶电气设备维护及检测,
过电流脱扣器,Component,空气断路器中的过流保护部件；实现短路保护的脱扣装置,船舶电气设备维护及检测,
检查均压线接触器是否通电动作,DiagnosticMethod,检查接触器线圈、触点等状态,船舶电气设备维护及检测,
检查均压线接触器触点是否可靠闭合,DiagnosticMethod,检查触点接触情况,船舶电气设备维护及检测,
修复或更新,RepairMethod,修理或更换故障部件,船舶电气设备维护及检测,
打磨修理,RepairMethod,打磨触点以修复接触,船舶电气设备维护及检测,
避免在负载剧烈变化时并车,SafetyNote,并车操作注意事项,船舶电气设备维护及检测,
不能空载或轻载并车,SafetyNote,并车操作注意事项,船舶电气设备维护及检测,
并车后须及时转移负载,SafetyNote,并车后操作要求,船舶电气设备维护及检测,
粗同步并车合闸时刻的选择,SafetyNote,粗同步并车的相位和频差要求,船舶电气设备维护及检测,
调差系数,Parameter,调压特性曲线的斜率,船舶电气设备维护及检测,
额定电流,Parameter,发电机设计的正常工作电流,船舶电气设备维护及检测,
长延时整定电流,Parameter,过载保护长延时动作的电流值,船舶电气设备维护及检测,
优先脱扣整定电流,Parameter,优先脱扣装置动作的电流值,船舶电气设备维护及检测,
延时时间,Parameter,保护装置动作的时间延迟,船舶电气设备维护及检测,
外部短路故障,FaultPhenomenon,发电机外部发生短路,船舶电气设备维护及检测,
自动空气断路器,Equipment,用于发电机保护的开关设备,船舶电气设备维护及检测,
AH主开关,Equipment,一种自动空气断路器,船舶电气设备维护及检测,
电子脱扣器,Component,AH开关中的保护控制部件,船舶电气设备维护及检测,
电流互感器,Component,用于电流测量的互感器,船舶电气设备维护及检测,
调压器,Equipment,用于调节电压的设备,船舶电气设备维护及检测,
电流表A,Equipment,测量电流的仪表,船舶电气设备维护及检测,
计时秒表,Equipment,测量时间的仪表,船舶电气设备维护及检测,
欠压保护,FaultPhenomenon,发电机电压过低,船舶电气设备维护及检测,
失压脱扣器,Component,实现欠压保护的脱扣装置,船舶电气设备维护及检测,
UVT整流装置,Component,欠压保护调节装置,船舶电气设备维护及检测,
逆功率保护,FaultPhenomenon,发电机吸收功率,船舶电气设备维护及检测,
GG-21,Equipment,感应型逆功率继电器型号,船舶电气设备维护及检测,
主柴油发电机组自动控制系统,System,柴油发电机组的自动控制系统,船舶电气设备维护及检测,
M2000型柴油机控制器,Equipment,丹麦赛科公司生产的控制器,船舶电气设备维护及检测,
控制器,Equipment,指M2000型柴油机控制器,船舶电气设备维护及检测,
转换开关S1,Component,工作方式选择开关,船舶电气设备维护及检测,
启动按钮S2,Component,手动启动按钮,船舶电气设备维护及检测,
停机按钮S3,Component,手动停机按钮,船舶电气设备维护及检测,
启动输出中间继电器K3,Component,控制启动电磁阀的继电器,船舶电气设备维护及检测,
启动电磁阀,Component,控制柴油机启动的电磁阀,船舶电气设备维护及检测,
速度传感器SG,Component,检测转速的传感器,船舶电气设备维护及检测,
测速继电器B,Component,处理转速信号的继电器,船舶电气设备维护及检测,
运行信号中间继电器K2,Component,输出运行信号的继电器,船舶电气设备维护及检测,
停机输出中间继电器K4,Component,控制停机电磁阀的继电器,船舶电气设备维护及检测,
停机电磁阀,Component,控制柴油机停机的电磁阀,船舶电气设备维护及检测,
预润滑控制定时电路,Component,控制预润滑的定时电路,船舶电气设备维护及检测,
中间继电器 K6,Component,控制预供油泵的继电器；受常闭触点控制，向控制系统发故障信号并控制报警器,船舶电气设备维护及检测,
预供油泵控制箱,Equipment,控制预供油泵的箱体,船舶电气设备维护及检测,
启动失败,FaultPhenomenon,柴油机启动不成功,船舶电气设备维护及检测,
超速,FaultPhenomenon,柴油机转速超过安全限值,船舶电气设备维护及检测,
滑油低压,FaultPhenomenon,润滑油压力过低,船舶电气设备维护及检测,
冷却水高温,FaultPhenomenon,冷却水温度过高,船舶电气设备维护及检测,
压力开关,Component,监测压力的开关,船舶电气设备维护及检测,
温度开关,Component,监测温度的开关,船舶电气设备维护及检测,
《钢质海船入级规范》,SafetyNote,中国船舶入级规范,船舶电气设备维护及检测,
短路电流达2~2.5倍的额定电流,Parameter,短路短延时保护动作电流值；短路瞬时保护动作电流值,船舶电气设备维护及检测,
延时0.2~0.6s,Parameter,短路短延时保护动作时间,船舶电气设备维护及检测,
电压低于额定电压的70%~80%,Parameter,带延时欠压保护动作电压值；不带延时欠压保护动作电压值,船舶电气设备维护及检测,
延时1~3s,Parameter,带延时欠压保护动作时间,船舶电气设备维护及检测,
额定功率的8%~15%,Parameter,逆功率保护整定值（柴油机）,船舶电气设备维护及检测,
延时3~10s,Parameter,逆功率保护动作时间,船舶电气设备维护及检测,
发火转速（33%）,Parameter,柴油机启动成功的最低转速百分比,船舶电气设备维护及检测,
间歇30min、动作2min,Parameter,预润滑控制定时参数,船舶电气设备维护及检测,
断线报警,FaultPhenomenon,电路监视功能，用于检测线路是否完好,船舶电气设备维护及检测,
常开信号接点,Component,采用常开接点的信号接点,船舶电气设备维护及检测,
3.3kΩ电阻,Component,并联在常开接点两端的电阻，用于监视电路断线,船舶电气设备维护及检测,
检测电流回路,Component,由并联电阻构成的回路，用于检测线路是否完好,船舶电气设备维护及检测,
故障信号阻塞,DiagnosticMethod,在机器不运行和启动时阻塞除超速外的所有故障信号,船舶电气设备维护及检测,
滑油压力,Parameter,机器的运行参数，与机器运转状态相关,船舶电气设备维护及检测,
转速故障,FaultPhenomenon,滑油有压力但无机器运转信号时控制器发出的故障信号,船舶电气设备维护及检测,
超速显示条,Component,显示超速和转速故障的显示条,船舶电气设备维护及检测,
转换干触点输出,Component,故障时输出信号的触点,船舶电气设备维护及检测,
蓄电池,Component,控制器的供电电源,船舶电气设备维护及检测,
K1,Component,监视电源，断电时向系统发电源故障信号,船舶电气设备维护及检测,
电站自动控制系统,System,由并联运行自动控制系统、故障处理和原动机启动/停机控制系统组成,船舶电气设备维护及检测,
GAC-5型发电机自动控制系统,Equipment,日本寺崎公司的发电机自动控制系统，最多可控制6台发电机,船舶电气设备维护及检测,
控制单元,Component,对输入信号进行处理，具有并联运行控制功能,船舶电气设备维护及检测,
备机选择开关 S1,Component,用于设定备用机组的台号,船舶电气设备维护及检测,
手动、自动选择开关,Component,用于选择手动或自动控制模式；选择手动或自动控制方式的开关,船舶电气设备维护及检测,
电网故障,FaultPhenomenon,包括电压过高或过低、频率过高或过低和失电,船舶电气设备维护及检测,
连续供电,SafetyNote,处理电网故障时应遵循的原则,船舶电气设备维护及检测,
电压故障监测值,Parameter,一般定为±5%，持续5s作为故障处理,船舶电气设备维护及检测,
频率故障监测值,Parameter,一般定为±2.5%，持续5s或60s作为故障处理,船舶电气设备维护及检测,
1级故障,FaultPhenomenon,轻度故障，检测值电压±5%、频率±2.5%，时间5s,船舶电气设备维护及检测,
2级故障,FaultPhenomenon,严重故障，检测值电压±10%、频率±5%，时间5s,船舶电气设备维护及检测,
起励失败,FaultPhenomenon,柴油机启动成功后规定时间内电压不能建立,船舶电气设备维护及检测,
自动同步失败,FaultPhenomenon,发电机电压建立后系统在规定时间内发不出合闸指令,船舶电气设备维护及检测,
合闸失败,FaultPhenomenon,系统发出合闸指令后规定时间内ACB不能合闸,船舶电气设备维护及检测,
起励、合闸失败,FaultPhenomenon,起励失败、自动同步失败和合闸失败组合成的报警信号,船舶电气设备维护及检测,
运行状态发电机组故障,FaultPhenomenon,包括过电流、短路、过功率、逆功率、过电压、欠电压、频率高、频率低和ACB异常脱扣等,船舶电气设备维护及检测,
ACB1,Component,主配电板供电开关,船舶电气设备维护及检测,
ACB2,Component,应急发电机供电开关,船舶电气设备维护及检测,
报警辅触头,Component,ACB1的辅助报警触点,船舶电气设备维护及检测,
电动机合闸机构触点d,Component,电动机合闸机构的闭合触点,船舶电气设备维护及检测,
K11,Component,控制继电器，实现供电转换条件,船舶电气设备维护及检测,
失压线圈,Component,ACB的失压脱扣线圈,船舶电气设备维护及检测,
K12,Component,延时动作继电器，控制ACB1合闸,船舶电气设备维护及检测,
K13,Component,延时动作继电器，发出应急发电机停机信号,船舶电气设备维护及检测,
熔断器F1,Component,控制电路保护熔断器,船舶电气设备维护及检测,
机旁控制箱,Equipment,设备机旁的控制箱,船舶电气设备维护及检测,
控制开关,Component,机旁控制箱上的开关,船舶电气设备维护及检测,
手动状态,Parameter,供电转换工作状态之一,船舶电气设备维护及检测,
自动状态,Parameter,供电转换工作状态之一,船舶电气设备维护及检测,
试验状态,Parameter,供电转换工作状态之一,船舶电气设备维护及检测,
正常、试验选择开关,Component,选择正常或试验模式的开关,船舶电气设备维护及检测,
S14,Component,手动、自动选择开关,船舶电气设备维护及检测,
K34,Component,选择继电器，执行手动/自动选择,船舶电气设备维护及检测,
S11,Component,ACB1的合闸按钮,船舶电气设备维护及检测,
S1,Component,ACB2的合闸按钮,船舶电气设备维护及检测,
S12,Component,ACB1的分闸按钮,船舶电气设备维护及检测,
S2,Component,ACB2的分闸按钮,船舶电气设备维护及检测,
应急电力系统,System,船舶应急供电系统,船舶电气设备维护及检测,
主电源失电,FaultPhenomenon,主配电板电源丢失,船舶电气设备维护及检测,
供电自动转换功能,System,电源自动切换功能,船舶电气设备维护及检测,
切断主配电板供电,RepairMethod,断开熔断器F1或馈电开关,船舶电气设备维护及检测,
取消供电自动转换功能,RepairMethod,将控制开关设置到断开位置,船舶电气设备维护及检测,
模拟失电,DiagnosticMethod,试验时断开K11线圈模拟主配电板失电,船舶电气设备维护及检测,
