entity_id,name,label,description,doc_id,chunk_id,all_labels,source
ENT_000001,Rosemount 3051S 无线压力变送器_Coplanar 过程法兰,Component,变送器过程连接法兰，有特定温度限值要求,参考手册-rosemount-3051s-无线系列产品-zh-cn-10755064,参考手册-rosemount-3051s-无线系列产品-zh-cn-10755064::chunk_6,,参考手册-rosemount-3051s-无线系列产品-zh-cn-10755064.md
ENT_000002,Rosemount 3051S 无线压力变送器_LCD 显示屏,Component,带零件号的独立显示模块组件,参考手册-rosemount-3051s-无线系列产品-zh-cn-10755064,参考手册-rosemount-3051s-无线系列产品-zh-cn-10755064::chunk_3,,参考手册-rosemount-3051s-无线系列产品-zh-cn-10755064.md
ENT_000003,Rosemount 3051S 无线压力变送器_RF 避雷器,Component,用于保护设备免受雷电瞬变冲击的射频保护模块,参考手册-rosemount-3051s-无线系列产品-zh-cn-10755064,参考手册-rosemount-3051s-无线系列产品-zh-cn-10755064::chunk_11,,参考手册-rosemount-3051s-无线系列产品-zh-cn-10755064.md
ENT_000004,Rosemount 3051S 无线压力变送器_SuperModule,Component,变送器核心传感模块，需避免与高温过程材料直接接触,参考手册-rosemount-3051s-无线系列产品-zh-cn-10755064,参考手册-rosemount-3051s-无线系列产品-zh-cn-10755064::chunk_6,,参考手册-rosemount-3051s-无线系列产品-zh-cn-10755064.md
ENT_000005,Rosemount 3051S 无线压力变送器_同轴电缆,Component,连接天线与避雷器或设备的射频信号传输线缆,参考手册-rosemount-3051s-无线系列产品-zh-cn-10755064,参考手册-rosemount-3051s-无线系列产品-zh-cn-10755064::chunk_11,,参考手册-rosemount-3051s-无线系列产品-zh-cn-10755064.md
ENT_000006,Rosemount 3051S 无线压力变送器_外壳,Component,变送器主体防护外壳，支持旋转以便接线或查看显示屏,参考手册-rosemount-3051s-无线系列产品-zh-cn-10755064,参考手册-rosemount-3051s-无线系列产品-zh-cn-10755064::chunk_7,,参考手册-rosemount-3051s-无线系列产品-zh-cn-10755064.md
ENT_000007,Rosemount 3051S 无线压力变送器_天线,Component,无线压力变送器用于信号发射与接收的关键通信部件,参考手册-rosemount-3051s-无线系列产品-zh-cn-10755064,参考手册-rosemount-3051s-无线系列产品-zh-cn-10755064::chunk_5,,参考手册-rosemount-3051s-无线系列产品-zh-cn-10755064.md
ENT_000008,Rosemount 3051S 无线压力变送器_导压管,Component,连接过程介质与变送器的压力传递管道，安装要求严格,参考手册-rosemount-3051s-无线系列产品-zh-cn-10755064,参考手册-rosemount-3051s-无线系列产品-zh-cn-10755064::chunk_6,,参考手册-rosemount-3051s-无线系列产品-zh-cn-10755064.md
ENT_000009,Rosemount 3051S 无线压力变送器_法兰适配器,Component,用于连接变送器与过程法兰的转接部件，含 O 形圈密封槽,参考手册-rosemount-3051s-无线系列产品-zh-cn-10755064,参考手册-rosemount-3051s-无线系列产品-zh-cn-10755064::chunk_7,,参考手册-rosemount-3051s-无线系列产品-zh-cn-10755064.md
ENT_000010,Rosemount 3051S 无线压力变送器_电源模块,Component,变送器内部封装的独立供电模块，含锂电池,参考手册-rosemount-3051s-无线系列产品-zh-cn-10755064,参考手册-rosemount-3051s-无线系列产品-zh-cn-10755064::chunk_1,,参考手册-rosemount-3051s-无线系列产品-zh-cn-10755064.md
ENT_000011,Rosemount 3051S 无线压力变送器_端线板,Component,安装于外壳内部的电气连接核心板卡,参考手册-rosemount-3051s-无线系列产品-zh-cn-10755064,参考手册-rosemount-3051s-无线系列产品-zh-cn-10755064::chunk_11,,参考手册-rosemount-3051s-无线系列产品-zh-cn-10755064.md
ENT_000012,Rosemount 3051S 无线压力变送器_设备描述符,Component,确保通讯正常所需的软件驱动或描述文件模块,参考手册-rosemount-3051s-无线系列产品-zh-cn-10755064,参考手册-rosemount-3051s-无线系列产品-zh-cn-10755064::chunk_1,,参考手册-rosemount-3051s-无线系列产品-zh-cn-10755064.md
ENT_000013,SMP Series Hydraulic Pump_Cartridge Valve Block,Component,可更换的插装式阀块模块，通过不同型号实现多种操控功能,Operation and Maintenance Manual for SMP Series Hydraulic Pu,Operation and Maintenance Manual for SMP Series Hydraulic Pu::chunk_3,,Operation and Maintenance Manual for SMP Series Hydraulic Pu.md
ENT_000014,SMP Series Hydraulic Pump_Check valve,Component,单向阀核心模块，控制流体方向；单向阀，用于防止液压油倒流的核心阀件模块,Operation and Maintenance Manual for SMP Series Hydraulic Pu,Operation and Maintenance Manual for SMP Series Hydraulic Pu::chunk_1;Operation and Maintenance Manual for SMP Series Hydraulic Pu::chunk_10,,Operation and Maintenance Manual for SMP Series Hydraulic Pu.md
ENT_000015,SMP Series Hydraulic Pump_Control Valve,Component,控制液压油流向与通断的阀组模块；气路控制系统核心部件，用于操控气动马达运转,Operation and Maintenance Manual for SMP Series Hydraulic Pu,Operation and Maintenance Manual for SMP Series Hydraulic Pu::chunk_2;Operation and Maintenance Manual for SMP Series Hydraulic Pu::chunk_3,,Operation and Maintenance Manual for SMP Series Hydraulic Pu.md
ENT_000016,SMP Series Hydraulic Pump_Cooler,Component,用于系统散热的冷却器组件,Operation and Maintenance Manual for SMP Series Hydraulic Pu,Operation and Maintenance Manual for SMP Series Hydraulic Pu::chunk_2,,Operation and Maintenance Manual for SMP Series Hydraulic Pu.md
ENT_000017,SMP Series Hydraulic Pump_Directional Valve,Component,三位四通换向阀，用于控制液压流向的核心阀件模块,Operation and Maintenance Manual for SMP Series Hydraulic Pu,Operation and Maintenance Manual for SMP Series Hydraulic Pu::chunk_10,,Operation and Maintenance Manual for SMP Series Hydraulic Pu.md
ENT_000018,SMP Series Hydraulic Pump_Filter plate,Component,过滤板组件，用于液压介质过滤；油箱吸入口用于过滤杂质的核心过滤部件,Operation and Maintenance Manual for SMP Series Hydraulic Pu,Operation and Maintenance Manual for SMP Series Hydraulic Pu::chunk_1;Operation and Maintenance Manual for SMP Series Hydraulic Pu::chunk_6;Operation and Maintenance Manual for SMP Series Hydraulic Pu::chunk_7,,Operation and Maintenance Manual for SMP Series Hydraulic Pu.md
ENT_000019,SMP Series Hydraulic Pump_High Pressure Hose,Component,传输高压液压油的专用软管；连接泵站的高压输出油管，传输高压液压油,Operation and Maintenance Manual for SMP Series Hydraulic Pu,Operation and Maintenance Manual for SMP Series Hydraulic Pu::chunk_2;Operation and Maintenance Manual for SMP Series Hydraulic Pu::chunk_5,,Operation and Maintenance Manual for SMP Series Hydraulic Pu.md
ENT_000020,SMP Series Hydraulic Pump_Hydraulic Control Module,Component,液压泵系统中的液压控制组装模块；液压泵系统中的气动控制组装模块,Operation and Maintenance Manual for SMP Series Hydraulic Pu,Operation and Maintenance Manual for SMP Series Hydraulic Pu::chunk_9,,Operation and Maintenance Manual for SMP Series Hydraulic Pu.md
ENT_000021,SMP Series Hydraulic Pump_Instrument,Component,显示系统压力等参数的仪表模块；压力表等监测仪表，用于显示系统运行参数,Operation and Maintenance Manual for SMP Series Hydraulic Pu,Operation and Maintenance Manual for SMP Series Hydraulic Pu::chunk_10;Operation and Maintenance Manual for SMP Series Hydraulic Pu::chunk_2,,Operation and Maintenance Manual for SMP Series Hydraulic Pu.md
ENT_000022,SMP Series Hydraulic Pump_Oil Pump,Component,负责液压油输送的核心油泵组件,Operation and Maintenance Manual for SMP Series Hydraulic Pu,Operation and Maintenance Manual for SMP Series Hydraulic Pu::chunk_2,,Operation and Maintenance Manual for SMP Series Hydraulic Pu.md
ENT_000023,SMP Series Hydraulic Pump_Oil Tank,Component,储存液压油的油箱容器；存放工作液压油并提供系统压力载体的贮油组件；储存液压油的油箱组件；储存液压油的贮油箱组件；液压系统中储存液压油的核心容器组件,Operation and Maintenance Manual for SMP Series Hydraulic Pu,Operation and Maintenance Manual for SMP Series Hydraulic Pu::chunk_2;Operation and Maintenance Manual for SMP Series Hydraulic Pu::chunk_3;Operation and Maintenance Manual for SMP Series Hydraulic Pu::chunk_4;Operation and Maintenance Manual for SMP Series Hydraulic Pu::chunk_5;Operation and Maintenance Manual for SMP Series Hydraulic Pu::chunk_6;Operation and Maintenance Manual for SMP Series Hydraulic Pu::chunk_7,,Operation and Maintenance Manual for SMP Series Hydraulic Pu.md
ENT_000024,SMP Series Hydraulic Pump_Oil Tank Module,Component,液压泵系统中的油箱组装模块,Operation and Maintenance Manual for SMP Series Hydraulic Pu,Operation and Maintenance Manual for SMP Series Hydraulic Pu::chunk_9,,Operation and Maintenance Manual for SMP Series Hydraulic Pu.md
ENT_000025,SMP Series Hydraulic Pump_Plunger Assembly,Component,柱塞组件，包含柱塞 1 和 2，核心运动部件,Operation and Maintenance Manual for SMP Series Hydraulic Pu,Operation and Maintenance Manual for SMP Series Hydraulic Pu::chunk_1,,Operation and Maintenance Manual for SMP Series Hydraulic Pu.md
ENT_000026,SMP Series Hydraulic Pump_Pneumatic Motor,Component,驱动油泵工作的气动马达模块；系统动力源组件，通过气源驱动泵站工作；驱动液压泵的气动马达组件；驱动泵站工作的气动马达组件；驱动液压泵工作的气动马达核心组件,Operation and Maintenance Manual for SMP Series Hydraulic Pu,Operation and Maintenance Manual for SMP Series Hydraulic Pu::chunk_2;Operation and Maintenance Manual for SMP Series Hydraulic Pu::chunk_3;Operation and Maintenance Manual for SMP Series Hydraulic Pu::chunk_4;Operation and Maintenance Manual for SMP Series Hydraulic Pu::chunk_5;Operation and Maintenance Manual for SMP Series Hydraulic Pu::chunk_6;Operation and Maintenance Manual for SMP Series Hydraulic Pu::chunk_7,,Operation and Maintenance Manual for SMP Series Hydraulic Pu.md
ENT_000027,SMP Series Hydraulic Pump_Pneumatic Valve,Component,气动阀，用于气动控制液压回路的核心阀件模块,Operation and Maintenance Manual for SMP Series Hydraulic Pu,Operation and Maintenance Manual for SMP Series Hydraulic Pu::chunk_10,,Operation and Maintenance Manual for SMP Series Hydraulic Pu.md
ENT_000028,SMP Series Hydraulic Pump_Pressure Regulating Valve,Component,调节系统输出压力的核心阀门；高压出口设置的压力调节溢流阀；调压阀，用于调节系统工作压力的核心阀件模块,Operation and Maintenance Manual for SMP Series Hydraulic Pu,Operation and Maintenance Manual for SMP Series Hydraulic Pu::chunk_10;Operation and Maintenance Manual for SMP Series Hydraulic Pu::chunk_2;Operation and Maintenance Manual for SMP Series Hydraulic Pu::chunk_4,,Operation and Maintenance Manual for SMP Series Hydraulic Pu.md
ENT_000029,SMP Series Hydraulic Pump_Pump Body Module,Component,液压泵系统中的泵体组装模块,Operation and Maintenance Manual for SMP Series Hydraulic Pu,Operation and Maintenance Manual for SMP Series Hydraulic Pu::chunk_9,,Operation and Maintenance Manual for SMP Series Hydraulic Pu.md
ENT_000030,SMP Series Hydraulic Pump_Quick Connector,Component,用于快速连接液压管路的接头,Operation and Maintenance Manual for SMP Series Hydraulic Pu,Operation and Maintenance Manual for SMP Series Hydraulic Pu::chunk_2,,Operation and Maintenance Manual for SMP Series Hydraulic Pu.md
ENT_000031,SMP Series Hydraulic Pump_Shut-off Valve,Component,截止阀，用于切断或接通液压回路的核心阀件模块,Operation and Maintenance Manual for SMP Series Hydraulic Pu,Operation and Maintenance Manual for SMP Series Hydraulic Pu::chunk_10,,Operation and Maintenance Manual for SMP Series Hydraulic Pu.md
ENT_000032,SMP Series Hydraulic Pump_WA Connection Block,Component,液压泵系统中的 WA 型号连接块组件，用于集成安装各类控制阀件,Operation and Maintenance Manual for SMP Series Hydraulic Pu,Operation and Maintenance Manual for SMP Series Hydraulic Pu::chunk_10,,Operation and Maintenance Manual for SMP Series Hydraulic Pu.md
ENT_000033,SMP Series Hydraulic Pump_WB Connection Block,Component,液压泵系统中的 WB 型号连接块组件，用于集成安装截止阀与调压阀,Operation and Maintenance Manual for SMP Series Hydraulic Pu,Operation and Maintenance Manual for SMP Series Hydraulic Pu::chunk_10,,Operation and Maintenance Manual for SMP Series Hydraulic Pu.md
ENT_000034,SMP Series Hydraulic Pump_WC Connection Block,Component,液压泵系统中的 WC 型号连接块组件，用于集成安装气动阀与调压阀,Operation and Maintenance Manual for SMP Series Hydraulic Pu,Operation and Maintenance Manual for SMP Series Hydraulic Pu::chunk_10,,Operation and Maintenance Manual for SMP Series Hydraulic Pu.md
ENT_000035,SMP Series Hydraulic Pump_WH Connection Block,Component,液压泵系统中的 WH 型号连接块组件，用于集成安装气动阀与单向阀,Operation and Maintenance Manual for SMP Series Hydraulic Pu,Operation and Maintenance Manual for SMP Series Hydraulic Pu::chunk_10,,Operation and Maintenance Manual for SMP Series Hydraulic Pu.md
ENT_000036,智能无线网关_瞬变保护装置,Component,安装在网关接口处用于防护雷电瞬变的保护器件,参考手册-rosemount-3051s-无线系列产品-zh-cn-10755064,参考手册-rosemount-3051s-无线系列产品-zh-cn-10755064::chunk_11,,参考手册-rosemount-3051s-无线系列产品-zh-cn-10755064.md
ENT_000037,智能无线网关_集成 Web 界面,Component,智能无线网关内置用于监控网络状态和设备信息的网页交互模块,参考手册-rosemount-3051s-无线系列产品-zh-cn-10755064,参考手册-rosemount-3051s-无线系列产品-zh-cn-10755064::chunk_8,,参考手册-rosemount-3051s-无线系列产品-zh-cn-10755064.md
ENT_000038,船舶管路系统_ZP300 型阀门_填料,Component,阀门关键密封组件，需定期更换以防泄漏,manuals-刀闸阀-zp300型-clarkson-zh-zh-cn-5197946,manuals-刀闸阀-zp300型-clarkson-zh-zh-cn-5197946::chunk_10,,manuals-刀闸阀-zp300型-clarkson-zh-zh-cn-5197946.md
ENT_000039,船舶管路系统_ZP300 型阀门_填料压盖,Component,阀门阀杆密封的关键组件,manuals-刀闸阀-zp300型-clarkson-zh-zh-cn-5197946,manuals-刀闸阀-zp300型-clarkson-zh-zh-cn-5197946::chunk_2,,manuals-刀闸阀-zp300型-clarkson-zh-zh-cn-5197946.md
ENT_000040,船舶管路系统_ZP300 型阀门_外耐磨环,Component,阀门关键密封组件，支持有限次旋转定位以延长使用寿命,manuals-刀闸阀-zp300型-clarkson-zh-zh-cn-5197946,manuals-刀闸阀-zp300型-clarkson-zh-zh-cn-5197946::chunk_8,,manuals-刀闸阀-zp300型-clarkson-zh-zh-cn-5197946.md
ENT_000041,船舶管路系统_ZP300 型阀门_定位器,Component,阀门附件中的核心控制模块,manuals-刀闸阀-zp300型-clarkson-zh-zh-cn-5197946,manuals-刀闸阀-zp300型-clarkson-zh-zh-cn-5197946::chunk_2,,manuals-刀闸阀-zp300型-clarkson-zh-zh-cn-5197946.md
ENT_000042,船舶管路系统_ZP300 型阀门_弹性阀座,Component,阀门内部实现密封功能的关键弹性组件,manuals-刀闸阀-zp300型-clarkson-zh-zh-cn-5197946,manuals-刀闸阀-zp300型-clarkson-zh-zh-cn-5197946::chunk_9,,manuals-刀闸阀-zp300型-clarkson-zh-zh-cn-5197946.md
ENT_000043,船舶管路系统_ZP300 型阀门_手轮,Component,阀门手动操作的核心机械部件；安装在锥齿轮箱上用于人工输入扭矩的操作部件,manuals-刀闸阀-zp300型-clarkson-zh-zh-cn-5197946,manuals-刀闸阀-zp300型-clarkson-zh-zh-cn-5197946::chunk_2;manuals-刀闸阀-zp300型-clarkson-zh-zh-cn-5197946::chunk_7,,manuals-刀闸阀-zp300型-clarkson-zh-zh-cn-5197946.md
ENT_000044,船舶管路系统_ZP300 型阀门_气动执行机构,Component,阀门内部具备独立控制功能的核心驱动模块；船舶管路系统 ZP300 型阀门的气动执行机构部件；阀门驱动用的气动核心执行模块；气动执行机构内包含气压驱动功能的核心气缸模块；与气缸连接的外部控制管路及附件模块,manuals-刀闸阀-zp300型-clarkson-zh-zh-cn-5197946,manuals-刀闸阀-zp300型-clarkson-zh-zh-cn-5197946::chunk_0;manuals-刀闸阀-zp300型-clarkson-zh-zh-cn-5197946::chunk_1;manuals-刀闸阀-zp300型-clarkson-zh-zh-cn-5197946::chunk_12,,manuals-刀闸阀-zp300型-clarkson-zh-zh-cn-5197946.md
ENT_000045,船舶管路系统_ZP300 型阀门_活塞杆,Component,阀门执行机构中驱动闸板运动的核心杆件；执行机构中传递动力的关键活塞杆部件,manuals-刀闸阀-zp300型-clarkson-zh-zh-cn-5197946,manuals-刀闸阀-zp300型-clarkson-zh-zh-cn-5197946::chunk_12;manuals-刀闸阀-zp300型-clarkson-zh-zh-cn-5197946::chunk_9,,manuals-刀闸阀-zp300型-clarkson-zh-zh-cn-5197946.md
ENT_000046,船舶管路系统_ZP300 型阀门_活塞杆保护罩,Component,保护活塞杆免受外部腐蚀和损伤的覆盖件,manuals-刀闸阀-zp300型-clarkson-zh-zh-cn-5197946,manuals-刀闸阀-zp300型-clarkson-zh-zh-cn-5197946::chunk_9,,manuals-刀闸阀-zp300型-clarkson-zh-zh-cn-5197946.md
ENT_000047,船舶管路系统_ZP300 型阀门_液压执行机构,Component,阀门驱动用的液压缸执行核心模块,manuals-刀闸阀-zp300型-clarkson-zh-zh-cn-5197946,manuals-刀闸阀-zp300型-clarkson-zh-zh-cn-5197946::chunk_2,,manuals-刀闸阀-zp300型-clarkson-zh-zh-cn-5197946.md
ENT_000048,船舶管路系统_ZP300 型阀门_锥齿轮箱,Component,用于手动操作阀门的核心传动模块，包含齿轮减速机构,manuals-刀闸阀-zp300型-clarkson-zh-zh-cn-5197946,manuals-刀闸阀-zp300型-clarkson-zh-zh-cn-5197946::chunk_7,,manuals-刀闸阀-zp300型-clarkson-zh-zh-cn-5197946.md
ENT_000049,阀门管路系统_三偏心阀_动态负载填料组件,Component,含贝氏弹簧的恒定载荷填料结构模块,vanessa-30-000-系列三偏心阀-tov-安装、操作及维护手册-zh-cn-5195650,vanessa-30-000-系列三偏心阀-tov-安装、操作及维护手册-zh-cn-5195650::chunk_7,,vanessa-30-000-系列三偏心阀-tov-安装、操作及维护手册-zh-cn-5195650.md
ENT_000050,阀门管路系统_三偏心阀_填料冲洗组件,Component,用于监测泄漏和消除无组织排放的冲洗模块,vanessa-30-000-系列三偏心阀-tov-安装、操作及维护手册-zh-cn-5195650,vanessa-30-000-系列三偏心阀-tov-安装、操作及维护手册-zh-cn-5195650::chunk_7,,vanessa-30-000-系列三偏心阀-tov-安装、操作及维护手册-zh-cn-5195650.md
ENT_000051,阀门管路系统_三偏心阀_填料衬套,Component,阀杆周围用于密封和支撑的核心填料模块,vanessa-30-000-系列三偏心阀-tov-安装、操作及维护手册-zh-cn-5195650,vanessa-30-000-系列三偏心阀-tov-安装、操作及维护手册-zh-cn-5195650::chunk_4;vanessa-30-000-系列三偏心阀-tov-安装、操作及维护手册-zh-cn-5195650::chunk_5,,vanessa-30-000-系列三偏心阀-tov-安装、操作及维护手册-zh-cn-5195650.md
ENT_000052,阀门管路系统_三偏心阀_密封环,Component,安装在阀瓣上用于确保密封性能的易损件,vanessa-30-000-系列三偏心阀-tov-安装、操作及维护手册-zh-cn-5195650,vanessa-30-000-系列三偏心阀-tov-安装、操作及维护手册-zh-cn-5195650::chunk_0;vanessa-30-000-系列三偏心阀-tov-安装、操作及维护手册-zh-cn-5195650::chunk_1,,vanessa-30-000-系列三偏心阀-tov-安装、操作及维护手册-zh-cn-5195650.md
ENT_000053,阀门管路系统_三偏心阀_执行机构,Component,驱动阀门动作的电气或气动液压核心模块；驱动阀门动作且选型依赖安装方向的核心驱动组件,vanessa-30-000-系列三偏心阀-tov-安装、操作及维护手册-zh-cn-5195650,vanessa-30-000-系列三偏心阀-tov-安装、操作及维护手册-zh-cn-5195650::chunk_0;vanessa-30-000-系列三偏心阀-tov-安装、操作及维护手册-zh-cn-5195650::chunk_1;vanessa-30-000-系列三偏心阀-tov-安装、操作及维护手册-zh-cn-5195650::chunk_3,,vanessa-30-000-系列三偏心阀-tov-安装、操作及维护手册-zh-cn-5195650.md
ENT_000054,阀门管路系统_三偏心阀_衬垫,Component,管道中与阀瓣行程存在干涉风险的密封衬垫部件,vanessa-30-000-系列三偏心阀-tov-安装、操作及维护手册-zh-cn-5195650,vanessa-30-000-系列三偏心阀-tov-安装、操作及维护手册-zh-cn-5195650::chunk_3,,vanessa-30-000-系列三偏心阀-tov-安装、操作及维护手册-zh-cn-5195650.md
ENT_000055,阀门管路系统_三偏心阀_轴承冲洗组件,Component,用于防止轴承区域结晶和扭矩增加的冲洗模块,vanessa-30-000-系列三偏心阀-tov-安装、操作及维护手册-zh-cn-5195650,vanessa-30-000-系列三偏心阀-tov-安装、操作及维护手册-zh-cn-5195650::chunk_7,,vanessa-30-000-系列三偏心阀-tov-安装、操作及维护手册-zh-cn-5195650.md
ENT_000056,阀门管路系统_三偏心阀_阀杆,Component,传递执行机构扭矩至阀瓣的关键传动部件,vanessa-30-000-系列三偏心阀-tov-安装、操作及维护手册-zh-cn-5195650,vanessa-30-000-系列三偏心阀-tov-安装、操作及维护手册-zh-cn-5195650::chunk_0;vanessa-30-000-系列三偏心阀-tov-安装、操作及维护手册-zh-cn-5195650::chunk_1,,vanessa-30-000-系列三偏心阀-tov-安装、操作及维护手册-zh-cn-5195650.md
ENT_000057,阀门管路系统_三偏心阀_阀瓣,Component,实现流体截断与密封的核心运动组件；三偏心阀内部执行截断功能的关键运动组件,vanessa-30-000-系列三偏心阀-tov-安装、操作及维护手册-zh-cn-5195650,vanessa-30-000-系列三偏心阀-tov-安装、操作及维护手册-zh-cn-5195650::chunk_0;vanessa-30-000-系列三偏心阀-tov-安装、操作及维护手册-zh-cn-5195650::chunk_1;vanessa-30-000-系列三偏心阀-tov-安装、操作及维护手册-zh-cn-5195650::chunk_3,,vanessa-30-000-系列三偏心阀-tov-安装、操作及维护手册-zh-cn-5195650.md
ENT_000058,阀门管路系统_三偏心阀_阀门支架,Component,支撑阀体结构的机械支架部件,vanessa-30-000-系列三偏心阀-tov-安装、操作及维护手册-zh-cn-5195650,vanessa-30-000-系列三偏心阀-tov-安装、操作及维护手册-zh-cn-5195650::chunk_4;vanessa-30-000-系列三偏心阀-tov-安装、操作及维护手册-zh-cn-5195650::chunk_5,,vanessa-30-000-系列三偏心阀-tov-安装、操作及维护手册-zh-cn-5195650.md
ENT_000059,阀门管路系统_管道系统_过压保护装置,Component,防止管道系统压力超过安全限值的保护组件,vanessa-30-000-系列三偏心阀-tov-安装、操作及维护手册-zh-cn-5195650,vanessa-30-000-系列三偏心阀-tov-安装、操作及维护手册-zh-cn-5195650::chunk_4;vanessa-30-000-系列三偏心阀-tov-安装、操作及维护手册-zh-cn-5195650::chunk_5,,vanessa-30-000-系列三偏心阀-tov-安装、操作及维护手册-zh-cn-5195650.md
ENT_000060,Rosemount 3051S 无线压力变送器_查看写保护设定,DiagnosticMethod,检查写保护安全设定的诊断步骤,参考手册-rosemount-3051s-无线系列产品-zh-cn-10755064,参考手册-rosemount-3051s-无线系列产品-zh-cn-10755064::chunk_3,,参考手册-rosemount-3051s-无线系列产品-zh-cn-10755064.md
ENT_000061,Rosemount 3051S 无线压力变送器_查看工作参数,DiagnosticMethod,通过菜单查看压力温度电压等工作参数,参考手册-rosemount-3051s-无线系列产品-zh-cn-10755064,参考手册-rosemount-3051s-无线系列产品-zh-cn-10755064::chunk_2,,参考手册-rosemount-3051s-无线系列产品-zh-cn-10755064.md
ENT_000062,Rosemount 3051S 无线压力变送器_查看连接状态,DiagnosticMethod,诊断设备当前网络连接状态的检测方法,参考手册-rosemount-3051s-无线系列产品-zh-cn-10755064,参考手册-rosemount-3051s-无线系列产品-zh-cn-10755064::chunk_4,,参考手册-rosemount-3051s-无线系列产品-zh-cn-10755064.md
ENT_000063,Rosemount 3051S 无线压力变送器_检查 HART 能力,DiagnosticMethod,调试前确认控制系统是否支持与 HART 7 设备通信的方法,参考手册-rosemount-3051s-无线系列产品-zh-cn-10755064,参考手册-rosemount-3051s-无线系列产品-zh-cn-10755064::chunk_1,,参考手册-rosemount-3051s-无线系列产品-zh-cn-10755064.md
ENT_000064,Rosemount 3051S 无线压力变送器_确认设备描述符,DiagnosticMethod,通过软件网页或工具检查系统中是否装载最新 DD 文件的方法,参考手册-rosemount-3051s-无线系列产品-zh-cn-10755064,参考手册-rosemount-3051s-无线系列产品-zh-cn-10755064::chunk_1,,参考手册-rosemount-3051s-无线系列产品-zh-cn-10755064.md
ENT_000065,SMP Series Hydraulic Pump_Check Air Pressure,DiagnosticMethod,确定气源气压是否符合泵站规定要求,Operation and Maintenance Manual for SMP Series Hydraulic Pu,Operation and Maintenance Manual for SMP Series Hydraulic Pu::chunk_9,,Operation and Maintenance Manual for SMP Series Hydraulic Pu.md
ENT_000066,智能无线网关_Web 界面验证连通性,DiagnosticMethod,通过智能无线网关网页界面检查设备联网状态和通讯路径的诊断方法,参考手册-rosemount-3051s-无线系列产品-zh-cn-10755064,参考手册-rosemount-3051s-无线系列产品-zh-cn-10755064::chunk_8,,参考手册-rosemount-3051s-无线系列产品-zh-cn-10755064.md
ENT_000067,船舶管路系统_ZP300 型阀门_60 天定期检查,DiagnosticMethod,制造商建议的每 60 天进行一次的标准维护检查周期,manuals-刀闸阀-zp300型-clarkson-zh-zh-cn-5197946,manuals-刀闸阀-zp300型-clarkson-zh-zh-cn-5197946::chunk_9,,manuals-刀闸阀-zp300型-clarkson-zh-zh-cn-5197946.md
ENT_000068,船舶管路系统_ZP300 型阀门_全开全闭功能测试,DiagnosticMethod,通过操作阀门全程运动来验证功能正常性的检测方法,manuals-刀闸阀-zp300型-clarkson-zh-zh-cn-5197946,manuals-刀闸阀-zp300型-clarkson-zh-zh-cn-5197946::chunk_9,,manuals-刀闸阀-zp300型-clarkson-zh-zh-cn-5197946.md
ENT_000069,船舶管路系统_ZP300 型阀门_初步检查,DiagnosticMethod,阀门安装或维护前的整体状态检查流程,manuals-刀闸阀-zp300型-clarkson-zh-zh-cn-5197946,manuals-刀闸阀-zp300型-clarkson-zh-zh-cn-5197946::chunk_2,,manuals-刀闸阀-zp300型-clarkson-zh-zh-cn-5197946.md
ENT_000070,阀门管路系统_三偏心阀_泄漏率监测,DiagnosticMethod,通过填料冲洗选件监测管路流体排放进入大气的速率,vanessa-30-000-系列三偏心阀-tov-安装、操作及维护手册-zh-cn-5195650,vanessa-30-000-系列三偏心阀-tov-安装、操作及维护手册-zh-cn-5195650::chunk_7,,vanessa-30-000-系列三偏心阀-tov-安装、操作及维护手册-zh-cn-5195650.md
ENT_000071,阀门管路系统_三偏心阀_阀门检查,DiagnosticMethod,卸货后检查密封环及填料螺母状态的检测手段；检查阀瓣行程是否干涉衬垫的特定诊断验证方法；对管路系统进行加压以验证密封性的检测手段,vanessa-30-000-系列三偏心阀-tov-安装、操作及维护手册-zh-cn-5195650,vanessa-30-000-系列三偏心阀-tov-安装、操作及维护手册-zh-cn-5195650::chunk_0;vanessa-30-000-系列三偏心阀-tov-安装、操作及维护手册-zh-cn-5195650::chunk_1;vanessa-30-000-系列三偏心阀-tov-安装、操作及维护手册-zh-cn-5195650::chunk_3;vanessa-30-000-系列三偏心阀-tov-安装、操作及维护手册-zh-cn-5195650::chunk_4;vanessa-30-000-系列三偏心阀-tov-安装、操作及维护手册-zh-cn-5195650::chunk_5,,vanessa-30-000-系列三偏心阀-tov-安装、操作及维护手册-zh-cn-5195650.md
ENT_000072,375 现场手操器,Equipment,用于现场连接和组态变送器的手持通讯设备；用于组态变送器的现场通讯设备,参考手册-rosemount-3051s-无线系列产品-zh-cn-10755064,参考手册-rosemount-3051s-无线系列产品-zh-cn-10755064::chunk_1;参考手册-rosemount-3051s-无线系列产品-zh-cn-10755064::chunk_3,,参考手册-rosemount-3051s-无线系列产品-zh-cn-10755064.md
ENT_000073,AMS 软件,Equipment,用于设备组态、诊断及管理的资产管理软件工具；用于组态变送器的资产管理软件,参考手册-rosemount-3051s-无线系列产品-zh-cn-10755064,参考手册-rosemount-3051s-无线系列产品-zh-cn-10755064::chunk_1;参考手册-rosemount-3051s-无线系列产品-zh-cn-10755064::chunk_3,,参考手册-rosemount-3051s-无线系列产品-zh-cn-10755064.md
ENT_000074,Rosemount 3051S 无线压力变送器,Equipment,网络系统内的核心无线压力测量主体设备；无线压力变送器主体设备；无线压力测量主体设备，包含外壳、模块及天线接口,参考手册-rosemount-3051s-无线系列产品-zh-cn-10755064,参考手册-rosemount-3051s-无线系列产品-zh-cn-10755064::chunk_1;参考手册-rosemount-3051s-无线系列产品-zh-cn-10755064::chunk_11;参考手册-rosemount-3051s-无线系列产品-zh-cn-10755064::chunk_3,,参考手册-rosemount-3051s-无线系列产品-zh-cn-10755064.md
ENT_000075,SMP Series Hydraulic Pump_Enclosure,Equipment,液压泵电气外壳，提供物理防护,Operation and Maintenance Manual for SMP Series Hydraulic Pu,Operation and Maintenance Manual for SMP Series Hydraulic Pu::chunk_1,,Operation and Maintenance Manual for SMP Series Hydraulic Pu.md
ENT_000076,SMP Series Hydraulic Pump_Main Unit,Equipment,SMP 系列液压气动泵主体成套设备；液压泵站主体设备，包含油箱、马达及控制阀等核心组件；SMP 系列泵主体设备单元；液压泵站主体设备，包含核心泵送与控制功能；SMP 系列液压泵的主体设备单元，包含各功能模块,Operation and Maintenance Manual for SMP Series Hydraulic Pu,Operation and Maintenance Manual for SMP Series Hydraulic Pu::chunk_10;Operation and Maintenance Manual for SMP Series Hydraulic Pu::chunk_2;Operation and Maintenance Manual for SMP Series Hydraulic Pu::chunk_3;Operation and Maintenance Manual for SMP Series Hydraulic Pu::chunk_4;Operation and Maintenance Manual for SMP Series Hydraulic Pu::chunk_5,,Operation and Maintenance Manual for SMP Series Hydraulic Pu.md
ENT_000077,SMP Series Hydraulic Pump_Valve Pump,Equipment,核心阀泵组件，包含 C/D/H 多种类型配置,Operation and Maintenance Manual for SMP Series Hydraulic Pu,Operation and Maintenance Manual for SMP Series Hydraulic Pu::chunk_1,,Operation and Maintenance Manual for SMP Series Hydraulic Pu.md
ENT_000078,SMP Series Hydraulic Pump_Warning Plate,Equipment,系统安全警告标识牌，用于提示操作风险；设备上的警告标识牌，用于提示操作风险,Operation and Maintenance Manual for SMP Series Hydraulic Pu,Operation and Maintenance Manual for SMP Series Hydraulic Pu::chunk_1;Operation and Maintenance Manual for SMP Series Hydraulic Pu::chunk_6;Operation and Maintenance Manual for SMP Series Hydraulic Pu::chunk_7,,Operation and Maintenance Manual for SMP Series Hydraulic Pu.md
ENT_000079,WirelessHART 监测网络系统_Rosemount 304 一体化阀组,Equipment,传统式或对夹式阀组，用于变送器过程截断泄放,参考手册-rosemount-3051s-无线系列产品-zh-cn-10755064,参考手册-rosemount-3051s-无线系列产品-zh-cn-10755064::chunk_7,,参考手册-rosemount-3051s-无线系列产品-zh-cn-10755064.md
ENT_000080,WirelessHART 监测网络系统_Rosemount 305 一体化阀组,Equipment,传统式或 Coplanar 式阀组，用于变送器过程截断泄放,参考手册-rosemount-3051s-无线系列产品-zh-cn-10755064,参考手册-rosemount-3051s-无线系列产品-zh-cn-10755064::chunk_7,,参考手册-rosemount-3051s-无线系列产品-zh-cn-10755064.md
ENT_000081,WirelessHART 监测网络系统_Rosemount 306 一体化阀组,Equipment,专用于直连式变送器的截断泄放阀组,参考手册-rosemount-3051s-无线系列产品-zh-cn-10755064,参考手册-rosemount-3051s-无线系列产品-zh-cn-10755064::chunk_7,,参考手册-rosemount-3051s-无线系列产品-zh-cn-10755064.md
ENT_000082,智能无线网关,Equipment,用于连接变送器与主机系统的无线通讯网关设备；无线网络的汇聚与监控核心设备,参考手册-rosemount-3051s-无线系列产品-zh-cn-10755064,参考手册-rosemount-3051s-无线系列产品-zh-cn-10755064::chunk_1;参考手册-rosemount-3051s-无线系列产品-zh-cn-10755064::chunk_11,,参考手册-rosemount-3051s-无线系列产品-zh-cn-10755064.md
ENT_000083,船舶管路系统_ZP300 型阀门,Equipment,管路系统中独立成套的 ZP300 型阀门主体设备；船舶管路系统中的 ZP300 型阀门主体设备；管路系统中独立成套的 ZP300 型号阀门设备；管路系统中的核心控制设备，本次提取的安装与维护主体；管路系统中的核心控制设备，作为齿轮箱驱动的承载主体；船舶管路系统中的 ZP300 型核心阀门设备；管路系统中的核心 ZP300 型号阀门设备,manuals-刀闸阀-zp300型-clarkson-zh-zh-cn-5197946,manuals-刀闸阀-zp300型-clarkson-zh-zh-cn-5197946::chunk_0;manuals-刀闸阀-zp300型-clarkson-zh-zh-cn-5197946::chunk_1;manuals-刀闸阀-zp300型-clarkson-zh-zh-cn-5197946::chunk_12;manuals-刀闸阀-zp300型-clarkson-zh-zh-cn-5197946::chunk_2;manuals-刀闸阀-zp300型-clarkson-zh-zh-cn-5197946::chunk_3;manuals-刀闸阀-zp300型-clarkson-zh-zh-cn-5197946::chunk_7;manuals-刀闸阀-zp300型-clarkson-zh-zh-cn-5197946::chunk_9,,manuals-刀闸阀-zp300型-clarkson-zh-zh-cn-5197946.md
ENT_000084,阀门管路系统_三偏心阀,Equipment,管路系统中的核心隔离与控制设备主体；阀门管路系统中的核心三偏心阀设备主体,vanessa-30-000-系列三偏心阀-tov-安装、操作及维护手册-zh-cn-5195650,vanessa-30-000-系列三偏心阀-tov-安装、操作及维护手册-zh-cn-5195650::chunk_0;vanessa-30-000-系列三偏心阀-tov-安装、操作及维护手册-zh-cn-5195650::chunk_1;vanessa-30-000-系列三偏心阀-tov-安装、操作及维护手册-zh-cn-5195650::chunk_3,,vanessa-30-000-系列三偏心阀-tov-安装、操作及维护手册-zh-cn-5195650.md
ENT_000085,阀门管路系统_管道法兰,Equipment,与阀门端部连接固定的管路接口设备,vanessa-30-000-系列三偏心阀-tov-安装、操作及维护手册-zh-cn-5195650,vanessa-30-000-系列三偏心阀-tov-安装、操作及维护手册-zh-cn-5195650::chunk_0;vanessa-30-000-系列三偏心阀-tov-安装、操作及维护手册-zh-cn-5195650::chunk_1,,vanessa-30-000-系列三偏心阀-tov-安装、操作及维护手册-zh-cn-5195650.md
ENT_000086,阀门管路系统_管道系统,Equipment,与三偏心阀连接的外部管道输送系统,vanessa-30-000-系列三偏心阀-tov-安装、操作及维护手册-zh-cn-5195650,vanessa-30-000-系列三偏心阀-tov-安装、操作及维护手册-zh-cn-5195650::chunk_4;vanessa-30-000-系列三偏心阀-tov-安装、操作及维护手册-zh-cn-5195650::chunk_5,,vanessa-30-000-系列三偏心阀-tov-安装、操作及维护手册-zh-cn-5195650.md
ENT_000087,Rosemount 3051S 无线压力变送器_安装位置改变,FaultCause,变送器未水平安装或位置变动导致液体压头变化从而引发零点偏移,参考手册-rosemount-3051s-无线系列产品-zh-cn-10755064,参考手册-rosemount-3051s-无线系列产品-zh-cn-10755064::chunk_5,,参考手册-rosemount-3051s-无线系列产品-zh-cn-10755064.md
ENT_000088,Rosemount 3051S 无线压力变送器_导压管摩擦损耗,FaultCause,导压管口径过小或吹扫不当导致的压力摩擦损耗,参考手册-rosemount-3051s-无线系列产品-zh-cn-10755064,参考手册-rosemount-3051s-无线系列产品-zh-cn-10755064::chunk_6,,参考手册-rosemount-3051s-无线系列产品-zh-cn-10755064.md
ENT_000089,Rosemount 3051S 无线压力变送器_导压管残留气体,FaultCause,液体管道中残留气体导致的测量误差；气体管道中残留液体导致的测量误差,参考手册-rosemount-3051s-无线系列产品-zh-cn-10755064,参考手册-rosemount-3051s-无线系列产品-zh-cn-10755064::chunk_6,,参考手册-rosemount-3051s-无线系列产品-zh-cn-10755064.md
ENT_000090,Rosemount 3051S 无线压力变送器_导压管泄漏,FaultCause,导压管连接处密封不良导致的压力泄漏,参考手册-rosemount-3051s-无线系列产品-zh-cn-10755064,参考手册-rosemount-3051s-无线系列产品-zh-cn-10755064::chunk_6,,参考手册-rosemount-3051s-无线系列产品-zh-cn-10755064.md
ENT_000091,Rosemount 3051S 无线压力变送器_支管密度差异,FaultCause,两根导压支管间密度差异导致的测量误差,参考手册-rosemount-3051s-无线系列产品-zh-cn-10755064,参考手册-rosemount-3051s-无线系列产品-zh-cn-10755064::chunk_6,,参考手册-rosemount-3051s-无线系列产品-zh-cn-10755064.md
ENT_000092,Rosemount 3051S 无线压力变送器_网络 ID 或连接密钥不匹配,FaultCause,变送器设置的网络 ID 和密钥与网关不一致导致通讯失败,参考手册-rosemount-3051s-无线系列产品-zh-cn-10755064,参考手册-rosemount-3051s-无线系列产品-zh-cn-10755064::chunk_1,,参考手册-rosemount-3051s-无线系列产品-zh-cn-10755064.md
ENT_000093,Rosemount 3051S 无线压力变送器_设备描述符版本过旧,FaultCause,系统未装载最新设备描述符导致无法使用新功能或通讯异常,参考手册-rosemount-3051s-无线系列产品-zh-cn-10755064,参考手册-rosemount-3051s-无线系列产品-zh-cn-10755064::chunk_1,,参考手册-rosemount-3051s-无线系列产品-zh-cn-10755064.md
ENT_000094,SMP Series Hydraulic Pump_Accident And Abuse,FaultCause,因意外事故或滥用引起的损坏,Operation and Maintenance Manual for SMP Series Hydraulic Pu,Operation and Maintenance Manual for SMP Series Hydraulic Pu::chunk_12,,Operation and Maintenance Manual for SMP Series Hydraulic Pu.md
ENT_000095,SMP Series Hydraulic Pump_Air Ingestion,FaultCause,系统吸入空气导致的故障,Operation and Maintenance Manual for SMP Series Hydraulic Pu,Operation and Maintenance Manual for SMP Series Hydraulic Pu::chunk_9,,Operation and Maintenance Manual for SMP Series Hydraulic Pu.md
ENT_000096,SMP Series Hydraulic Pump_Air Pressure Mismatch,FaultCause,气源气压不符合泵站规定要求,Operation and Maintenance Manual for SMP Series Hydraulic Pu,Operation and Maintenance Manual for SMP Series Hydraulic Pu::chunk_9,,Operation and Maintenance Manual for SMP Series Hydraulic Pu.md
ENT_000097,SMP Series Hydraulic Pump_Air Source Disconnected,FaultCause,气源未接通导致的故障原因,Operation and Maintenance Manual for SMP Series Hydraulic Pu,Operation and Maintenance Manual for SMP Series Hydraulic Pu::chunk_9,,Operation and Maintenance Manual for SMP Series Hydraulic Pu.md
ENT_000098,SMP Series Hydraulic Pump_Contamination,FaultCause,注油口或接头处脏污引发的故障原因,Operation and Maintenance Manual for SMP Series Hydraulic Pu,Operation and Maintenance Manual for SMP Series Hydraulic Pu::chunk_5,,Operation and Maintenance Manual for SMP Series Hydraulic Pu.md
ENT_000099,SMP Series Hydraulic Pump_Hose Environmental Exposure,FaultCause,过热腐蚀环境导致软管损坏的原因,Operation and Maintenance Manual for SMP Series Hydraulic Pu,Operation and Maintenance Manual for SMP Series Hydraulic Pu::chunk_11,,Operation and Maintenance Manual for SMP Series Hydraulic Pu.md
ENT_000100,SMP Series Hydraulic Pump_Hose Excessive Bending,FaultCause,弯曲半径过小导致软管损坏的原因,Operation and Maintenance Manual for SMP Series Hydraulic Pu,Operation and Maintenance Manual for SMP Series Hydraulic Pu::chunk_11,,Operation and Maintenance Manual for SMP Series Hydraulic Pu.md
ENT_000101,SMP Series Hydraulic Pump_Hose Impact Load,FaultCause,重物冲击导致软管损坏的原因,Operation and Maintenance Manual for SMP Series Hydraulic Pu,Operation and Maintenance Manual for SMP Series Hydraulic Pu::chunk_11,,Operation and Maintenance Manual for SMP Series Hydraulic Pu.md
ENT_000102,SMP Series Hydraulic Pump_Hose Winding Operation,FaultCause,软管缠绕导致背压过大损坏的原因,Operation and Maintenance Manual for SMP Series Hydraulic Pu,Operation and Maintenance Manual for SMP Series Hydraulic Pu::chunk_11,,Operation and Maintenance Manual for SMP Series Hydraulic Pu.md
ENT_000103,SMP Series Hydraulic Pump_Improper Operation,FaultCause,因操作不当或不按规范操作引起的损坏,Operation and Maintenance Manual for SMP Series Hydraulic Pu,Operation and Maintenance Manual for SMP Series Hydraulic Pu::chunk_12,,Operation and Maintenance Manual for SMP Series Hydraulic Pu.md
ENT_000104,SMP Series Hydraulic Pump_Loose Connector,FaultCause,快速接头未拧紧导致间隙的故障原因,Operation and Maintenance Manual for SMP Series Hydraulic Pu,Operation and Maintenance Manual for SMP Series Hydraulic Pu::chunk_2,,Operation and Maintenance Manual for SMP Series Hydraulic Pu.md
ENT_000105,SMP Series Hydraulic Pump_Low Oil Level,FaultCause,液压油低于油标视窗位置导致的故障诱因,Operation and Maintenance Manual for SMP Series Hydraulic Pu,Operation and Maintenance Manual for SMP Series Hydraulic Pu::chunk_3,,Operation and Maintenance Manual for SMP Series Hydraulic Pu.md
ENT_000106,SMP Series Hydraulic Pump_Manufacturing Defect,FaultCause,因材料缺陷引起的质量问题；因制造缺陷引起的质量问题,Operation and Maintenance Manual for SMP Series Hydraulic Pu,Operation and Maintenance Manual for SMP Series Hydraulic Pu::chunk_12,,Operation and Maintenance Manual for SMP Series Hydraulic Pu.md
ENT_000107,SMP Series Hydraulic Pump_No Oil Start,FaultCause,在无液压油状态下启动泵站的违规操作,Operation and Maintenance Manual for SMP Series Hydraulic Pu,Operation and Maintenance Manual for SMP Series Hydraulic Pu::chunk_5,,Operation and Maintenance Manual for SMP Series Hydraulic Pu.md
ENT_000108,SMP Series Hydraulic Pump_Overpressure Operation,FaultCause,压力调节超过设定值导致的故障原因,Operation and Maintenance Manual for SMP Series Hydraulic Pu,Operation and Maintenance Manual for SMP Series Hydraulic Pu::chunk_2,,Operation and Maintenance Manual for SMP Series Hydraulic Pu.md
ENT_000109,SMP Series Hydraulic Pump_Pump Bearing Damage,FaultCause,径向柱塞泵轴承损坏导致的噪音,Operation and Maintenance Manual for SMP Series Hydraulic Pu,Operation and Maintenance Manual for SMP Series Hydraulic Pu::chunk_9,,Operation and Maintenance Manual for SMP Series Hydraulic Pu.md
ENT_000110,SMP Series Hydraulic Pump_Quick Connector Improper Seating,FaultCause,快速接头未接到位导致的故障原因,Operation and Maintenance Manual for SMP Series Hydraulic Pu,Operation and Maintenance Manual for SMP Series Hydraulic Pu::chunk_9,,Operation and Maintenance Manual for SMP Series Hydraulic Pu.md
ENT_000111,SMP Series Hydraulic Pump_Quick Connector Seal Wear,FaultCause,快速接头密封圈或挡圈磨损,Operation and Maintenance Manual for SMP Series Hydraulic Pu,Operation and Maintenance Manual for SMP Series Hydraulic Pu::chunk_9,,Operation and Maintenance Manual for SMP Series Hydraulic Pu.md
ENT_000112,SMP Series Hydraulic Pump_Quick Connector Seating Failure,FaultCause,快速接头无法接到位引起系统内敞压,Operation and Maintenance Manual for SMP Series Hydraulic Pu,Operation and Maintenance Manual for SMP Series Hydraulic Pu::chunk_9,,Operation and Maintenance Manual for SMP Series Hydraulic Pu.md
ENT_000113,SMP Series Hydraulic Pump_Relief Valve Low Setting,FaultCause,溢流阀调整得过低导致的压力不足,Operation and Maintenance Manual for SMP Series Hydraulic Pu,Operation and Maintenance Manual for SMP Series Hydraulic Pu::chunk_9,,Operation and Maintenance Manual for SMP Series Hydraulic Pu.md
ENT_000114,SMP Series Hydraulic Pump_Seal Failure,FaultCause,密封件失灵导致的压力下降,Operation and Maintenance Manual for SMP Series Hydraulic Pu,Operation and Maintenance Manual for SMP Series Hydraulic Pu::chunk_9,,Operation and Maintenance Manual for SMP Series Hydraulic Pu.md
ENT_000115,SMP Series Hydraulic Pump_Tank Pressurized Opening,FaultCause,贮油箱增压状态下打开箱盖的危险操作,Operation and Maintenance Manual for SMP Series Hydraulic Pu,Operation and Maintenance Manual for SMP Series Hydraulic Pu::chunk_5,,Operation and Maintenance Manual for SMP Series Hydraulic Pu.md
ENT_000116,SMP Series Hydraulic Pump_Unauthorized Modification,FaultCause,因未经授权的产品改装或修理引起的损坏,Operation and Maintenance Manual for SMP Series Hydraulic Pu,Operation and Maintenance Manual for SMP Series Hydraulic Pu::chunk_12,,Operation and Maintenance Manual for SMP Series Hydraulic Pu.md
ENT_000117,SMP Series Hydraulic Pump_Valve Malfunction,FaultCause,节流阀或手动单向阀未关紧、未调整到位或损坏,Operation and Maintenance Manual for SMP Series Hydraulic Pu,Operation and Maintenance Manual for SMP Series Hydraulic Pu::chunk_9,,Operation and Maintenance Manual for SMP Series Hydraulic Pu.md
ENT_000118,SMP Series Hydraulic Pump_Water Oil Mixture,FaultCause,液压油中混入水分,Operation and Maintenance Manual for SMP Series Hydraulic Pu,Operation and Maintenance Manual for SMP Series Hydraulic Pu::chunk_9,,Operation and Maintenance Manual for SMP Series Hydraulic Pu.md
ENT_000119,SMP Series Hydraulic Pump_Wrong Oil Type,FaultCause,未使用指定型号液压油导致的故障原因,Operation and Maintenance Manual for SMP Series Hydraulic Pu,Operation and Maintenance Manual for SMP Series Hydraulic Pu::chunk_2,,Operation and Maintenance Manual for SMP Series Hydraulic Pu.md
ENT_000120,法兰错位连接,FaultCause,配对法兰未正确对齐导致应力集中的诱发原因；导致阀门故障的法兰错位连接原因,manuals-刀闸阀-zp300型-clarkson-zh-zh-cn-5197946,manuals-刀闸阀-zp300型-clarkson-zh-zh-cn-5197946::chunk_0;manuals-刀闸阀-zp300型-clarkson-zh-zh-cn-5197946::chunk_1,,manuals-刀闸阀-zp300型-clarkson-zh-zh-cn-5197946.md
ENT_000121,船舶管路系统_ZP300 型阀门_填料过度拧紧,FaultCause,填料压盖螺栓拧紧力矩过大导致故障的原因,manuals-刀闸阀-zp300型-clarkson-zh-zh-cn-5197946,manuals-刀闸阀-zp300型-clarkson-zh-zh-cn-5197946::chunk_2,,manuals-刀闸阀-zp300型-clarkson-zh-zh-cn-5197946.md
ENT_000122,船舶管路系统_ZP300 型阀门_装运冲击,FaultCause,运输途中震动碰撞导致设备损坏的原因,manuals-刀闸阀-zp300型-clarkson-zh-zh-cn-5197946,manuals-刀闸阀-zp300型-clarkson-zh-zh-cn-5197946::chunk_2,,manuals-刀闸阀-zp300型-clarkson-zh-zh-cn-5197946.md
ENT_000123,阀门管路系统_三偏心阀_尺寸不正确的螺杆,FaultCause,导致法兰泄漏或螺纹损坏的直接诱因,vanessa-30-000-系列三偏心阀-tov-安装、操作及维护手册-zh-cn-5195650,vanessa-30-000-系列三偏心阀-tov-安装、操作及维护手册-zh-cn-5195650::chunk_0;vanessa-30-000-系列三偏心阀-tov-安装、操作及维护手册-zh-cn-5195650::chunk_1,,vanessa-30-000-系列三偏心阀-tov-安装、操作及维护手册-zh-cn-5195650.md
ENT_000124,阀门管路系统_三偏心阀_硫磺结晶,FaultCause,硫磺回收应用中液态或气态硫磺进入轴承区形成结晶,vanessa-30-000-系列三偏心阀-tov-安装、操作及维护手册-zh-cn-5195650,vanessa-30-000-系列三偏心阀-tov-安装、操作及维护手册-zh-cn-5195650::chunk_7,,vanessa-30-000-系列三偏心阀-tov-安装、操作及维护手册-zh-cn-5195650.md
ENT_000125,阀门管路系统_三偏心阀_阀杆安装角度不当,FaultCause,导致固体颗粒沉积问题的安装位置原因,vanessa-30-000-系列三偏心阀-tov-安装、操作及维护手册-zh-cn-5195650,vanessa-30-000-系列三偏心阀-tov-安装、操作及维护手册-zh-cn-5195650::chunk_0;vanessa-30-000-系列三偏心阀-tov-安装、操作及维护手册-zh-cn-5195650::chunk_1,,vanessa-30-000-系列三偏心阀-tov-安装、操作及维护手册-zh-cn-5195650.md
ENT_000126,Rosemount 3051S 无线压力变送器_测量误差,FaultPhenomenon,因导压管安装不当导致的压力测量值不准确,参考手册-rosemount-3051s-无线系列产品-zh-cn-10755064,参考手册-rosemount-3051s-无线系列产品-zh-cn-10755064::chunk_6,,参考手册-rosemount-3051s-无线系列产品-zh-cn-10755064.md
ENT_000127,Rosemount 3051S 无线压力变送器_设备未连入网络,FaultPhenomenon,变送器无法与智能无线网关或主机系统通讯的故障现象,参考手册-rosemount-3051s-无线系列产品-zh-cn-10755064,参考手册-rosemount-3051s-无线系列产品-zh-cn-10755064::chunk_1,,参考手册-rosemount-3051s-无线系列产品-zh-cn-10755064.md
ENT_000128,Rosemount 3051S 无线压力变送器_通讯连接失败,FaultPhenomenon,通讯设备或 AMS 软件未能与变送器建立连接的异常症状,参考手册-rosemount-3051s-无线系列产品-zh-cn-10755064,参考手册-rosemount-3051s-无线系列产品-zh-cn-10755064::chunk_1,,参考手册-rosemount-3051s-无线系列产品-zh-cn-10755064.md
ENT_000129,Rosemount 3051S 无线压力变送器_零点发生偏移,FaultPhenomenon,变送器安装位置改变导致测量零点出现偏差的异常现象,参考手册-rosemount-3051s-无线系列产品-zh-cn-10755064,参考手册-rosemount-3051s-无线系列产品-zh-cn-10755064::chunk_5,,参考手册-rosemount-3051s-无线系列产品-zh-cn-10755064.md
ENT_000130,SMP Series Hydraulic Pump_Equipment Damage,FaultPhenomenon,因超压或错误操作导致的设备损坏；泵站因油量不足或操作不当导致的设备损坏现象；泵站设备发生的物理损坏或功能失效,Operation and Maintenance Manual for SMP Series Hydraulic Pu,Operation and Maintenance Manual for SMP Series Hydraulic Pu::chunk_2;Operation and Maintenance Manual for SMP Series Hydraulic Pu::chunk_3;Operation and Maintenance Manual for SMP Series Hydraulic Pu::chunk_5,,Operation and Maintenance Manual for SMP Series Hydraulic Pu.md
ENT_000131,SMP Series Hydraulic Pump_High Noise Operation,FaultPhenomenon,泵运行过程中有强烈噪音的故障现象,Operation and Maintenance Manual for SMP Series Hydraulic Pu,Operation and Maintenance Manual for SMP Series Hydraulic Pu::chunk_9,,Operation and Maintenance Manual for SMP Series Hydraulic Pu.md
ENT_000132,SMP Series Hydraulic Pump_High Pressure Fluid Leakage,FaultPhenomenon,高压状态下液压油意外喷射或泄漏的现象,Operation and Maintenance Manual for SMP Series Hydraulic Pu,Operation and Maintenance Manual for SMP Series Hydraulic Pu::chunk_6;Operation and Maintenance Manual for SMP Series Hydraulic Pu::chunk_7,,Operation and Maintenance Manual for SMP Series Hydraulic Pu.md
ENT_000133,SMP Series Hydraulic Pump_Hose Bursting,FaultPhenomenon,高压软管因损坏发生的爆裂现象,Operation and Maintenance Manual for SMP Series Hydraulic Pu,Operation and Maintenance Manual for SMP Series Hydraulic Pu::chunk_11,,Operation and Maintenance Manual for SMP Series Hydraulic Pu.md
ENT_000134,SMP Series Hydraulic Pump_Hose Internal Damage,FaultPhenomenon,高压软管内部结构受损的故障现象,Operation and Maintenance Manual for SMP Series Hydraulic Pu,Operation and Maintenance Manual for SMP Series Hydraulic Pu::chunk_11,,Operation and Maintenance Manual for SMP Series Hydraulic Pu.md
ENT_000135,SMP Series Hydraulic Pump_Oil Leakage,FaultPhenomenon,液压油从管路或接头处泄漏现象,Operation and Maintenance Manual for SMP Series Hydraulic Pu,Operation and Maintenance Manual for SMP Series Hydraulic Pu::chunk_2,,Operation and Maintenance Manual for SMP Series Hydraulic Pu.md
ENT_000136,SMP Series Hydraulic Pump_Personal Injury,FaultPhenomenon,因高压油喷出或负载跌落造成的人身伤害；操作人员遭受的人身伤害或安全事故；人员因设备故障或操作不当受到的身体伤害,Operation and Maintenance Manual for SMP Series Hydraulic Pu,Operation and Maintenance Manual for SMP Series Hydraulic Pu::chunk_2;Operation and Maintenance Manual for SMP Series Hydraulic Pu::chunk_5;Operation and Maintenance Manual for SMP Series Hydraulic Pu::chunk_6;Operation and Maintenance Manual for SMP Series Hydraulic Pu::chunk_7,,Operation and Maintenance Manual for SMP Series Hydraulic Pu.md
ENT_000137,SMP Series Hydraulic Pump_Pressure Below Rated,FaultPhenomenon,系统压力达不到额定压力的故障现象,Operation and Maintenance Manual for SMP Series Hydraulic Pu,Operation and Maintenance Manual for SMP Series Hydraulic Pu::chunk_9,,Operation and Maintenance Manual for SMP Series Hydraulic Pu.md
ENT_000138,SMP Series Hydraulic Pump_Pressure Drop Static,FaultPhenomenon,静压使用时压力缓慢下降的故障现象,Operation and Maintenance Manual for SMP Series Hydraulic Pu,Operation and Maintenance Manual for SMP Series Hydraulic Pu::chunk_9,,Operation and Maintenance Manual for SMP Series Hydraulic Pu.md
ENT_000139,SMP Series Hydraulic Pump_Pump Start Failure,FaultPhenomenon,泵站无法启动的故障现象,Operation and Maintenance Manual for SMP Series Hydraulic Pu,Operation and Maintenance Manual for SMP Series Hydraulic Pu::chunk_9,,Operation and Maintenance Manual for SMP Series Hydraulic Pu.md
ENT_000140,SMP Series Hydraulic Pump_System No Pressure,FaultPhenomenon,系统无压力的故障现象,Operation and Maintenance Manual for SMP Series Hydraulic Pu,Operation and Maintenance Manual for SMP Series Hydraulic Pu::chunk_9,,Operation and Maintenance Manual for SMP Series Hydraulic Pu.md
ENT_000141,智能无线网关_红色状态指示灯,FaultPhenomenon,网关界面显示红色指示灯表明设备或其通讯路径存在异常的现象,参考手册-rosemount-3051s-无线系列产品-zh-cn-10755064,参考手册-rosemount-3051s-无线系列产品-zh-cn-10755064::chunk_8,,参考手册-rosemount-3051s-无线系列产品-zh-cn-10755064.md
ENT_000142,船舶管路系统_ZP300 型阀门_填料寿命缩短,FaultPhenomenon,填料因不当维护导致使用寿命降低,manuals-刀闸阀-zp300型-clarkson-zh-zh-cn-5197946,manuals-刀闸阀-zp300型-clarkson-zh-zh-cn-5197946::chunk_2,,manuals-刀闸阀-zp300型-clarkson-zh-zh-cn-5197946.md
ENT_000143,船舶管路系统_ZP300 型阀门_填料泄漏,FaultPhenomenon,阀杆填料密封失效导致的介质泄漏,manuals-刀闸阀-zp300型-clarkson-zh-zh-cn-5197946,manuals-刀闸阀-zp300型-clarkson-zh-zh-cn-5197946::chunk_2,,manuals-刀闸阀-zp300型-clarkson-zh-zh-cn-5197946.md
ENT_000144,船舶管路系统_ZP300 型阀门_填料磨损,FaultPhenomenon,阀门填料压盖处填料出现磨损的故障症状,manuals-刀闸阀-zp300型-clarkson-zh-zh-cn-5197946,manuals-刀闸阀-zp300型-clarkson-zh-zh-cn-5197946::chunk_9,,manuals-刀闸阀-zp300型-clarkson-zh-zh-cn-5197946.md
ENT_000145,船舶管路系统_ZP300 型阀门_弹性阀座膨胀,FaultPhenomenon,弹性阀座因介质影响出现膨胀变形的故障症状,manuals-刀闸阀-zp300型-clarkson-zh-zh-cn-5197946,manuals-刀闸阀-zp300型-clarkson-zh-zh-cn-5197946::chunk_9,,manuals-刀闸阀-zp300型-clarkson-zh-zh-cn-5197946.md
ENT_000146,船舶管路系统_ZP300 型阀门_弹性阀座裂纹,FaultPhenomenon,弹性阀座表面出现裂纹缺陷的故障症状,manuals-刀闸阀-zp300型-clarkson-zh-zh-cn-5197946,manuals-刀闸阀-zp300型-clarkson-zh-zh-cn-5197946::chunk_9,,manuals-刀闸阀-zp300型-clarkson-zh-zh-cn-5197946.md
ENT_000147,船舶管路系统_ZP300 型阀门_手轮松动,FaultPhenomenon,手轮固定螺母未拧紧导致的操作隐患,manuals-刀闸阀-zp300型-clarkson-zh-zh-cn-5197946,manuals-刀闸阀-zp300型-clarkson-zh-zh-cn-5197946::chunk_2,,manuals-刀闸阀-zp300型-clarkson-zh-zh-cn-5197946.md
ENT_000148,船舶管路系统_ZP300 型阀门_操作扭矩增加,FaultPhenomenon,阀门操作阻力异常增大的故障症状,manuals-刀闸阀-zp300型-clarkson-zh-zh-cn-5197946,manuals-刀闸阀-zp300型-clarkson-zh-zh-cn-5197946::chunk_2,,manuals-刀闸阀-zp300型-clarkson-zh-zh-cn-5197946.md
ENT_000149,船舶管路系统_ZP300 型阀门_活塞杆保护罩破损,FaultPhenomenon,活塞杆保护罩出现物理损坏的故障症状,manuals-刀闸阀-zp300型-clarkson-zh-zh-cn-5197946,manuals-刀闸阀-zp300型-clarkson-zh-zh-cn-5197946::chunk_9,,manuals-刀闸阀-zp300型-clarkson-zh-zh-cn-5197946.md
ENT_000150,船舶管路系统_ZP300 型阀门_活塞杆密封漏气,FaultPhenomenon,活塞杆密封处出现气体泄漏的故障症状,manuals-刀闸阀-zp300型-clarkson-zh-zh-cn-5197946,manuals-刀闸阀-zp300型-clarkson-zh-zh-cn-5197946::chunk_9,,manuals-刀闸阀-zp300型-clarkson-zh-zh-cn-5197946.md
ENT_000151,船舶管路系统_ZP300 型阀门_活塞杆过度腐蚀,FaultPhenomenon,活塞杆表面出现严重腐蚀现象的故障症状,manuals-刀闸阀-zp300型-clarkson-zh-zh-cn-5197946,manuals-刀闸阀-zp300型-clarkson-zh-zh-cn-5197946::chunk_9,,manuals-刀闸阀-zp300型-clarkson-zh-zh-cn-5197946.md
ENT_000152,船舶管路系统_ZP300 型阀门_耐磨环基底金属腐蚀,FaultPhenomenon,耐磨环堆焊层下基底金属裸露腐蚀的故障症状,manuals-刀闸阀-zp300型-clarkson-zh-zh-cn-5197946,manuals-刀闸阀-zp300型-clarkson-zh-zh-cn-5197946::chunk_9,,manuals-刀闸阀-zp300型-clarkson-zh-zh-cn-5197946.md
ENT_000153,船舶管路系统_ZP300 型阀门_耐磨环密封泄漏,FaultPhenomenon,因耐磨环与阀体间密封失效导致的介质泄漏异常,manuals-刀闸阀-zp300型-clarkson-zh-zh-cn-5197946,manuals-刀闸阀-zp300型-clarkson-zh-zh-cn-5197946::chunk_8,,manuals-刀闸阀-zp300型-clarkson-zh-zh-cn-5197946.md
ENT_000154,船舶管路系统_ZP300 型阀门_装运损坏,FaultPhenomenon,运输过程中导致的阀门外观或功能异常,manuals-刀闸阀-zp300型-clarkson-zh-zh-cn-5197946,manuals-刀闸阀-zp300型-clarkson-zh-zh-cn-5197946::chunk_2,,manuals-刀闸阀-zp300型-clarkson-zh-zh-cn-5197946.md
ENT_000155,船舶管路系统_ZP300 型阀门_阀体内表面损坏,FaultPhenomenon,因安装操作不当导致的阀体内部表面损伤现象,manuals-刀闸阀-zp300型-clarkson-zh-zh-cn-5197946,manuals-刀闸阀-zp300型-clarkson-zh-zh-cn-5197946::chunk_3,,manuals-刀闸阀-zp300型-clarkson-zh-zh-cn-5197946.md
ENT_000156,阀门受力过度变形,FaultPhenomenon,因安装不当导致阀体结构发生异常形变的故障症状；阀门受力过度导致的变形故障现象,manuals-刀闸阀-zp300型-clarkson-zh-zh-cn-5197946,manuals-刀闸阀-zp300型-clarkson-zh-zh-cn-5197946::chunk_0;manuals-刀闸阀-zp300型-clarkson-zh-zh-cn-5197946::chunk_1,,manuals-刀闸阀-zp300型-clarkson-zh-zh-cn-5197946.md
ENT_000157,阀门管路系统_三偏心阀_固体颗粒沉积,FaultPhenomenon,因安装角度不当导致流体杂质在下轴承区域堆积,vanessa-30-000-系列三偏心阀-tov-安装、操作及维护手册-zh-cn-5195650,vanessa-30-000-系列三偏心阀-tov-安装、操作及维护手册-zh-cn-5195650::chunk_0;vanessa-30-000-系列三偏心阀-tov-安装、操作及维护手册-zh-cn-5195650::chunk_1,,vanessa-30-000-系列三偏心阀-tov-安装、操作及维护手册-zh-cn-5195650.md
ENT_000158,阀门管路系统_三偏心阀_无组织排放,FaultPhenomenon,管路流体通过填料区向大气泄漏的现象,vanessa-30-000-系列三偏心阀-tov-安装、操作及维护手册-zh-cn-5195650,vanessa-30-000-系列三偏心阀-tov-安装、操作及维护手册-zh-cn-5195650::chunk_7,,vanessa-30-000-系列三偏心阀-tov-安装、操作及维护手册-zh-cn-5195650.md
ENT_000159,阀门管路系统_三偏心阀_法兰泄漏,FaultPhenomenon,因连接件不匹配导致的介质外泄异常症状,vanessa-30-000-系列三偏心阀-tov-安装、操作及维护手册-zh-cn-5195650,vanessa-30-000-系列三偏心阀-tov-安装、操作及维护手册-zh-cn-5195650::chunk_0;vanessa-30-000-系列三偏心阀-tov-安装、操作及维护手册-zh-cn-5195650::chunk_1,,vanessa-30-000-系列三偏心阀-tov-安装、操作及维护手册-zh-cn-5195650.md
ENT_000160,阀门管路系统_三偏心阀_轴承区域结晶,FaultPhenomenon,硫磺或颗粒在阀杆轴承区域形成结晶导致停机,vanessa-30-000-系列三偏心阀-tov-安装、操作及维护手册-zh-cn-5195650,vanessa-30-000-系列三偏心阀-tov-安装、操作及维护手册-zh-cn-5195650::chunk_7,,vanessa-30-000-系列三偏心阀-tov-安装、操作及维护手册-zh-cn-5195650.md
ENT_000161,阀门管路系统_三偏心阀_阀瓣接触衬垫,FaultPhenomenon,阀瓣行程中错误接触管道衬垫导致的异常现象,vanessa-30-000-系列三偏心阀-tov-安装、操作及维护手册-zh-cn-5195650,vanessa-30-000-系列三偏心阀-tov-安装、操作及维护手册-zh-cn-5195650::chunk_3,,vanessa-30-000-系列三偏心阀-tov-安装、操作及维护手册-zh-cn-5195650.md
ENT_000162,阀门管路系统_三偏心阀_阀门扭矩异常增加,FaultPhenomenon,因结晶或沉积导致阀门操作扭矩超出正常范围,vanessa-30-000-系列三偏心阀-tov-安装、操作及维护手册-zh-cn-5195650,vanessa-30-000-系列三偏心阀-tov-安装、操作及维护手册-zh-cn-5195650::chunk_7,,vanessa-30-000-系列三偏心阀-tov-安装、操作及维护手册-zh-cn-5195650.md
ENT_000163,阀门管路系统_三偏心阀_阀门螺纹损坏,FaultPhenomenon,因使用错误螺杆导致的阀体螺纹损伤症状,vanessa-30-000-系列三偏心阀-tov-安装、操作及维护手册-zh-cn-5195650,vanessa-30-000-系列三偏心阀-tov-安装、操作及维护手册-zh-cn-5195650::chunk_0;vanessa-30-000-系列三偏心阀-tov-安装、操作及维护手册-zh-cn-5195650::chunk_1,,vanessa-30-000-系列三偏心阀-tov-安装、操作及维护手册-zh-cn-5195650.md
ENT_000164,Rosemount 3051S 无线压力变送器_LCD 存放温度,Parameter,LCD 显示屏允许的存放温度范围负 40 至 85 摄氏度,参考手册-rosemount-3051s-无线系列产品-zh-cn-10755064,参考手册-rosemount-3051s-无线系列产品-zh-cn-10755064::chunk_7,,参考手册-rosemount-3051s-无线系列产品-zh-cn-10755064.md
ENT_000165,Rosemount 3051S 无线压力变送器_LCD 工作温度,Parameter,LCD 显示屏允许的工作温度范围负 40 至 80 摄氏度,参考手册-rosemount-3051s-无线系列产品-zh-cn-10755064,参考手册-rosemount-3051s-无线系列产品-zh-cn-10755064::chunk_7,,参考手册-rosemount-3051s-无线系列产品-zh-cn-10755064.md
ENT_000166,Rosemount 3051S 无线压力变送器_O 形圈更换后热处理温度,Parameter,更换 O 形圈后重新拧紧螺栓前需保持的恒温条件,参考手册-rosemount-3051s-无线系列产品-zh-cn-10755064,参考手册-rosemount-3051s-无线系列产品-zh-cn-10755064::chunk_11,,参考手册-rosemount-3051s-无线系列产品-zh-cn-10755064.md
ENT_000167,Rosemount 3051S 无线压力变送器_一级变量 PV,Parameter,变送器驱动输出的主要过程变量参数,参考手册-rosemount-3051s-无线系列产品-zh-cn-10755064,参考手册-rosemount-3051s-无线系列产品-zh-cn-10755064::chunk_4,,参考手册-rosemount-3051s-无线系列产品-zh-cn-10755064.md
ENT_000168,Rosemount 3051S 无线压力变送器_三级变量 TV,Parameter,变送器辅助显示的第三过程变量参数,参考手册-rosemount-3051s-无线系列产品-zh-cn-10755064,参考手册-rosemount-3051s-无线系列产品-zh-cn-10755064::chunk_4,,参考手册-rosemount-3051s-无线系列产品-zh-cn-10755064.md
ENT_000169,Rosemount 3051S 无线压力变送器_二级变量 SV,Parameter,变送器辅助显示的次要过程变量参数,参考手册-rosemount-3051s-无线系列产品-zh-cn-10755064,参考手册-rosemount-3051s-无线系列产品-zh-cn-10755064::chunk_4,,参考手册-rosemount-3051s-无线系列产品-zh-cn-10755064.md
ENT_000170,Rosemount 3051S 无线压力变送器_传感器温度单位,Parameter,传感器内部的温度监测值；摄氏或华氏温度单位选择参数,参考手册-rosemount-3051s-无线系列产品-zh-cn-10755064,参考手册-rosemount-3051s-无线系列产品-zh-cn-10755064::chunk_2;参考手册-rosemount-3051s-无线系列产品-zh-cn-10755064::chunk_3,,参考手册-rosemount-3051s-无线系列产品-zh-cn-10755064.md
ENT_000171,Rosemount 3051S 无线压力变送器_低警示值,Parameter,过程警戒的低限设定参数,参考手册-rosemount-3051s-无线系列产品-zh-cn-10755064,参考手册-rosemount-3051s-无线系列产品-zh-cn-10755064::chunk_3,,参考手册-rosemount-3051s-无线系列产品-zh-cn-10755064.md
ENT_000172,Rosemount 3051S 无线压力变送器_供电电压,Parameter,变送器测量的过程压力值及状态；设备当前的供电电压状态,参考手册-rosemount-3051s-无线系列产品-zh-cn-10755064,参考手册-rosemount-3051s-无线系列产品-zh-cn-10755064::chunk_2,,参考手册-rosemount-3051s-无线系列产品-zh-cn-10755064.md
ENT_000173,Rosemount 3051S 无线压力变送器_写保护设定,Parameter,软件写入保护安全功能参数,参考手册-rosemount-3051s-无线系列产品-zh-cn-10755064,参考手册-rosemount-3051s-无线系列产品-zh-cn-10755064::chunk_3,,参考手册-rosemount-3051s-无线系列产品-zh-cn-10755064.md
ENT_000174,Rosemount 3051S 无线压力变送器_变量映射模式,Parameter,支持经典映射或换算单位映射的配置模式参数,参考手册-rosemount-3051s-无线系列产品-zh-cn-10755064,参考手册-rosemount-3051s-无线系列产品-zh-cn-10755064::chunk_4,,参考手册-rosemount-3051s-无线系列产品-zh-cn-10755064.md
ENT_000175,Rosemount 3051S 无线压力变送器_四级变量 QV,Parameter,变送器辅助显示的第四过程变量参数,参考手册-rosemount-3051s-无线系列产品-zh-cn-10755064,参考手册-rosemount-3051s-无线系列产品-zh-cn-10755064::chunk_4,,参考手册-rosemount-3051s-无线系列产品-zh-cn-10755064.md
ENT_000176,Rosemount 3051S 无线压力变送器_天线安装高度,Parameter,远程天线相对于基础设施的最小安装高度要求,参考手册-rosemount-3051s-无线系列产品-zh-cn-10755064,参考手册-rosemount-3051s-无线系列产品-zh-cn-10755064::chunk_11,,参考手册-rosemount-3051s-无线系列产品-zh-cn-10755064.md
ENT_000177,Rosemount 3051S 无线压力变送器_导压管倾斜度要求,Parameter,导压管相对于过程连接件的最小倾斜度 1 英寸/英尺,参考手册-rosemount-3051s-无线系列产品-zh-cn-10755064,参考手册-rosemount-3051s-无线系列产品-zh-cn-10755064::chunk_6,,参考手册-rosemount-3051s-无线系列产品-zh-cn-10755064.md
ENT_000178,Rosemount 3051S 无线压力变送器_平方根值,Parameter,流量应用中用于平方根换算的变量参数,参考手册-rosemount-3051s-无线系列产品-zh-cn-10755064,参考手册-rosemount-3051s-无线系列产品-zh-cn-10755064::chunk_4,,参考手册-rosemount-3051s-无线系列产品-zh-cn-10755064.md
ENT_000179,Rosemount 3051S 无线压力变送器_换算变量单位,Parameter,自定义显示单位参数,参考手册-rosemount-3051s-无线系列产品-zh-cn-10755064,参考手册-rosemount-3051s-无线系列产品-zh-cn-10755064::chunk_3,,参考手册-rosemount-3051s-无线系列产品-zh-cn-10755064.md
ENT_000180,Rosemount 3051S 无线压力变送器_排放阀拧紧扭矩,Parameter,安装排放或排气阀时的最终紧固扭矩值,参考手册-rosemount-3051s-无线系列产品-zh-cn-10755064,参考手册-rosemount-3051s-无线系列产品-zh-cn-10755064::chunk_11,,参考手册-rosemount-3051s-无线系列产品-zh-cn-10755064.md
ENT_000181,Rosemount 3051S 无线压力变送器_控制回路模式,Parameter,手动或自动控制模式状态参数,参考手册-rosemount-3051s-无线系列产品-zh-cn-10755064,参考手册-rosemount-3051s-无线系列产品-zh-cn-10755064::chunk_3,,参考手册-rosemount-3051s-无线系列产品-zh-cn-10755064.md
ENT_000182,Rosemount 3051S 无线压力变送器_更新速率,Parameter,变送器获取测量值并通过无线网络传送的频率参数,参考手册-rosemount-3051s-无线系列产品-zh-cn-10755064,参考手册-rosemount-3051s-无线系列产品-zh-cn-10755064::chunk_1,,参考手册-rosemount-3051s-无线系列产品-zh-cn-10755064.md
ENT_000183,Rosemount 3051S 无线压力变送器_法兰螺栓初始扭矩值,Parameter,K-500 合金螺栓安装的初始扭矩标准 300 in.-lb,参考手册-rosemount-3051s-无线系列产品-zh-cn-10755064,参考手册-rosemount-3051s-无线系列产品-zh-cn-10755064::chunk_6,,参考手册-rosemount-3051s-无线系列产品-zh-cn-10755064.md
ENT_000184,Rosemount 3051S 无线压力变送器_法兰螺栓最终扭矩值,Parameter,K-500 合金螺栓安装的最终扭矩标准 650 in.-lb,参考手册-rosemount-3051s-无线系列产品-zh-cn-10755064,参考手册-rosemount-3051s-无线系列产品-zh-cn-10755064::chunk_6,,参考手册-rosemount-3051s-无线系列产品-zh-cn-10755064.md
ENT_000185,Rosemount 3051S 无线压力变送器_流量下限截止值,Parameter,防止低流量噪声的输出截止参数,参考手册-rosemount-3051s-无线系列产品-zh-cn-10755064,参考手册-rosemount-3051s-无线系列产品-zh-cn-10755064::chunk_3,,参考手册-rosemount-3051s-无线系列产品-zh-cn-10755064.md
ENT_000186,Rosemount 3051S 无线压力变送器_流量下限截止模式,Parameter,控制低流量截止函数开启或关闭的模式参数,参考手册-rosemount-3051s-无线系列产品-zh-cn-10755064,参考手册-rosemount-3051s-无线系列产品-zh-cn-10755064::chunk_4,,参考手册-rosemount-3051s-无线系列产品-zh-cn-10755064.md
ENT_000187,Rosemount 3051S 无线压力变送器_线性偏量,Parameter,换算变量线性转换的偏置参数,参考手册-rosemount-3051s-无线系列产品-zh-cn-10755064,参考手册-rosemount-3051s-无线系列产品-zh-cn-10755064::chunk_3,,参考手册-rosemount-3051s-无线系列产品-zh-cn-10755064.md
ENT_000188,Rosemount 3051S 无线压力变送器_网络连接状态,Parameter,显示设备当前与无线网络的连接加入状态参数,参考手册-rosemount-3051s-无线系列产品-zh-cn-10755064,参考手册-rosemount-3051s-无线系列产品-zh-cn-10755064::chunk_8,,参考手册-rosemount-3051s-无线系列产品-zh-cn-10755064.md
ENT_000189,Rosemount 3051S 无线压力变送器_螺栓材料,Parameter,法兰螺栓的材质规格如 K-500 合金,参考手册-rosemount-3051s-无线系列产品-zh-cn-10755064,参考手册-rosemount-3051s-无线系列产品-zh-cn-10755064::chunk_6,,参考手册-rosemount-3051s-无线系列产品-zh-cn-10755064.md
ENT_000190,Rosemount 3051S 无线压力变送器_设备状态,Parameter,反映变送器自身工作健康度的状态参数,参考手册-rosemount-3051s-无线系列产品-zh-cn-10755064,参考手册-rosemount-3051s-无线系列产品-zh-cn-10755064::chunk_8,,参考手册-rosemount-3051s-无线系列产品-zh-cn-10755064.md
ENT_000191,Rosemount 3051S 无线压力变送器_软件版本,Parameter,设备无线电或电子部件的软件版本号,参考手册-rosemount-3051s-无线系列产品-zh-cn-10755064,参考手册-rosemount-3051s-无线系列产品-zh-cn-10755064::chunk_2,,参考手册-rosemount-3051s-无线系列产品-zh-cn-10755064.md
ENT_000192,Rosemount 3051S 无线压力变送器_过程变量单位,Parameter,过程变量 PV 的测量单位设置,参考手册-rosemount-3051s-无线系列产品-zh-cn-10755064,参考手册-rosemount-3051s-无线系列产品-zh-cn-10755064::chunk_2,,参考手册-rosemount-3051s-无线系列产品-zh-cn-10755064.md
ENT_000193,Rosemount 3051S 无线压力变送器_过程法兰温度限值_惰性材料,Parameter,注惰性材料变送器过程法兰的最高允许温度 185°F,参考手册-rosemount-3051s-无线系列产品-zh-cn-10755064,参考手册-rosemount-3051s-无线系列产品-zh-cn-10755064::chunk_6,,参考手册-rosemount-3051s-无线系列产品-zh-cn-10755064.md
ENT_000194,Rosemount 3051S 无线压力变送器_过程法兰温度限值_硅油,Parameter,注硅油变送器过程法兰的最高允许温度 250°F,参考手册-rosemount-3051s-无线系列产品-zh-cn-10755064,参考手册-rosemount-3051s-无线系列产品-zh-cn-10755064::chunk_6,,参考手册-rosemount-3051s-无线系列产品-zh-cn-10755064.md
ENT_000195,Rosemount 3051S 无线压力变送器_高警示值,Parameter,过程警戒的高限设定参数,参考手册-rosemount-3051s-无线系列产品-zh-cn-10755064,参考手册-rosemount-3051s-无线系列产品-zh-cn-10755064::chunk_3,,参考手册-rosemount-3051s-无线系列产品-zh-cn-10755064.md
ENT_000196,SMP Series Hydraulic Pump_Air Source,Parameter,气动马达运行所必需的外部气源动力参数；气动马达所需的工作气压参数,Operation and Maintenance Manual for SMP Series Hydraulic Pu,Operation and Maintenance Manual for SMP Series Hydraulic Pu::chunk_3;Operation and Maintenance Manual for SMP Series Hydraulic Pu::chunk_4,,Operation and Maintenance Manual for SMP Series Hydraulic Pu.md
ENT_000197,SMP Series Hydraulic Pump_Ambient Temperature,Parameter,设备允许运行的环境温度范围；设备允许使用的环境温度范围,Operation and Maintenance Manual for SMP Series Hydraulic Pu,Operation and Maintenance Manual for SMP Series Hydraulic Pu::chunk_2;Operation and Maintenance Manual for SMP Series Hydraulic Pu::chunk_4,,Operation and Maintenance Manual for SMP Series Hydraulic Pu.md
ENT_000198,SMP Series Hydraulic Pump_Flow Rate,Parameter,不同压力状态下的流量参数,Operation and Maintenance Manual for SMP Series Hydraulic Pu,Operation and Maintenance Manual for SMP Series Hydraulic Pu::chunk_4,,Operation and Maintenance Manual for SMP Series Hydraulic Pu.md
ENT_000199,SMP Series Hydraulic Pump_Hose Min Bending Radius,Parameter,高压软管允许的最小弯曲半径参数,Operation and Maintenance Manual for SMP Series Hydraulic Pu,Operation and Maintenance Manual for SMP Series Hydraulic Pu::chunk_11,,Operation and Maintenance Manual for SMP Series Hydraulic Pu.md
ENT_000200,SMP Series Hydraulic Pump_Hose Rated Pressure 100Mpa,Parameter,100Mpa 等级软管的标准操作压力参数,Operation and Maintenance Manual for SMP Series Hydraulic Pu,Operation and Maintenance Manual for SMP Series Hydraulic Pu::chunk_11,,Operation and Maintenance Manual for SMP Series Hydraulic Pu.md
ENT_000201,SMP Series Hydraulic Pump_Hose Rated Pressure 70Mpa,Parameter,70Mpa 等级软管的标准操作压力参数,Operation and Maintenance Manual for SMP Series Hydraulic Pu,Operation and Maintenance Manual for SMP Series Hydraulic Pu::chunk_11,,Operation and Maintenance Manual for SMP Series Hydraulic Pu.md
ENT_000202,SMP Series Hydraulic Pump_Hydraulic Oil Spec,Parameter,系统指定的抗磨液压油型号规格；系统指定的专用液压油规格参数，低油位时必须加注；指定使用的液压油规格型号,Operation and Maintenance Manual for SMP Series Hydraulic Pu,Operation and Maintenance Manual for SMP Series Hydraulic Pu::chunk_2;Operation and Maintenance Manual for SMP Series Hydraulic Pu::chunk_3;Operation and Maintenance Manual for SMP Series Hydraulic Pu::chunk_4,,Operation and Maintenance Manual for SMP Series Hydraulic Pu.md
ENT_000203,SMP Series Hydraulic Pump_Low Pressure Setting,Parameter,低压出口设定的压力范围参数,Operation and Maintenance Manual for SMP Series Hydraulic Pu,Operation and Maintenance Manual for SMP Series Hydraulic Pu::chunk_4,,Operation and Maintenance Manual for SMP Series Hydraulic Pu.md
ENT_000204,SMP Series Hydraulic Pump_Max Working Pressure,Parameter,系统设定的最高工作压力 70Mpa；系统最大操作压力参数 70Mpa,Operation and Maintenance Manual for SMP Series Hydraulic Pu,Operation and Maintenance Manual for SMP Series Hydraulic Pu::chunk_2;Operation and Maintenance Manual for SMP Series Hydraulic Pu::chunk_4,,Operation and Maintenance Manual for SMP Series Hydraulic Pu.md
ENT_000205,SMP Series Hydraulic Pump_Noise Level,Parameter,设备运行时的噪音限值标准参数,Operation and Maintenance Manual for SMP Series Hydraulic Pu,Operation and Maintenance Manual for SMP Series Hydraulic Pu::chunk_8,,Operation and Maintenance Manual for SMP Series Hydraulic Pu.md
ENT_000206,SMP Series Hydraulic Pump_Oil Change Interval,Parameter,液压油至少每 6 个月更换一次的周期参数,Operation and Maintenance Manual for SMP Series Hydraulic Pu,Operation and Maintenance Manual for SMP Series Hydraulic Pu::chunk_5,,Operation and Maintenance Manual for SMP Series Hydraulic Pu.md
ENT_000207,SMP Series Hydraulic Pump_Oil Tank Capacity,Parameter,储油箱的容量规格参数,Operation and Maintenance Manual for SMP Series Hydraulic Pu,Operation and Maintenance Manual for SMP Series Hydraulic Pu::chunk_4,,Operation and Maintenance Manual for SMP Series Hydraulic Pu.md
ENT_000208,SMP Series Hydraulic Pump_Pump Stage Type,Parameter,泵体的双级结构类型参数,Operation and Maintenance Manual for SMP Series Hydraulic Pu,Operation and Maintenance Manual for SMP Series Hydraulic Pu::chunk_4,,Operation and Maintenance Manual for SMP Series Hydraulic Pu.md
ENT_000209,SMP Series Hydraulic Pump_Warranty Period,Parameter,保修期为购买之日起十二个月,Operation and Maintenance Manual for SMP Series Hydraulic Pu,Operation and Maintenance Manual for SMP Series Hydraulic Pu::chunk_12,,Operation and Maintenance Manual for SMP Series Hydraulic Pu.md
ENT_000210,智能无线网关_高速运行模式,Parameter,智能无线网关上启用以确保新设备更快连接网络的运行参数,参考手册-rosemount-3051s-无线系列产品-zh-cn-10755064,参考手册-rosemount-3051s-无线系列产品-zh-cn-10755064::chunk_5,,参考手册-rosemount-3051s-无线系列产品-zh-cn-10755064.md
ENT_000211,船舶管路系统_ZP300 型阀门_ASME B16.20 与 B16.21 标准,Parameter,垫片材料与类型需符合的 ASME 管法兰垫片标准,manuals-刀闸阀-zp300型-clarkson-zh-zh-cn-5197946,manuals-刀闸阀-zp300型-clarkson-zh-zh-cn-5197946::chunk_4,,manuals-刀闸阀-zp300型-clarkson-zh-zh-cn-5197946.md
ENT_000212,船舶管路系统_ZP300 型阀门_ASME B16.47 标准,Parameter,阀门法兰钻孔需符合的 ASME B16.5 尺寸标准；阀门法兰钻孔需符合的 ASME B16.47 大直径法兰标准,manuals-刀闸阀-zp300型-clarkson-zh-zh-cn-5197946,manuals-刀闸阀-zp300型-clarkson-zh-zh-cn-5197946::chunk_4,,manuals-刀闸阀-zp300型-clarkson-zh-zh-cn-5197946.md
ENT_000213,船舶管路系统_ZP300 型阀门_ASME VIII-1 附录 2 标准,Parameter,垫片设计与选型需符合的 ASME 锅炉压力容器规范,manuals-刀闸阀-zp300型-clarkson-zh-zh-cn-5197946,manuals-刀闸阀-zp300型-clarkson-zh-zh-cn-5197946::chunk_4,,manuals-刀闸阀-zp300型-clarkson-zh-zh-cn-5197946.md
ENT_000214,船舶管路系统_ZP300 型阀门_MSS SP-135 标准,Parameter,阀门结构尺寸符合的 MSS SP-135 行业标准,manuals-刀闸阀-zp300型-clarkson-zh-zh-cn-5197946,manuals-刀闸阀-zp300型-clarkson-zh-zh-cn-5197946::chunk_2,,manuals-刀闸阀-zp300型-clarkson-zh-zh-cn-5197946.md
ENT_000215,船舶管路系统_ZP300 型阀门_使用极限,Parameter,压力和温度操作中的极限值参数,manuals-刀闸阀-zp300型-clarkson-zh-zh-cn-5197946,manuals-刀闸阀-zp300型-clarkson-zh-zh-cn-5197946::chunk_1,,manuals-刀闸阀-zp300型-clarkson-zh-zh-cn-5197946.md
ENT_000216,船舶管路系统_ZP300 型阀门_包络尺寸,Parameter,阀门带执行机构后的整体外形尺寸参数,manuals-刀闸阀-zp300型-clarkson-zh-zh-cn-5197946,manuals-刀闸阀-zp300型-clarkson-zh-zh-cn-5197946::chunk_2,,manuals-刀闸阀-zp300型-clarkson-zh-zh-cn-5197946.md
ENT_000217,船舶管路系统_ZP300 型阀门_压力等级,Parameter,阀门符合标准的压力等级参数,manuals-刀闸阀-zp300型-clarkson-zh-zh-cn-5197946,manuals-刀闸阀-zp300型-clarkson-zh-zh-cn-5197946::chunk_1,,manuals-刀闸阀-zp300型-clarkson-zh-zh-cn-5197946.md
ENT_000218,船舶管路系统_ZP300 型阀门_填料压缩长度参数,Parameter,初次拧紧时填料压盖压缩长度范围值,manuals-刀闸阀-zp300型-clarkson-zh-zh-cn-5197946,manuals-刀闸阀-zp300型-clarkson-zh-zh-cn-5197946::chunk_10,,manuals-刀闸阀-zp300型-clarkson-zh-zh-cn-5197946.md
ENT_000219,船舶管路系统_ZP300 型阀门_填料更换规格参数,Parameter,定义不同尺寸阀门填料更换所需的具体尺寸及配合参数集合,manuals-刀闸阀-zp300型-clarkson-zh-zh-cn-5197946,manuals-刀闸阀-zp300型-clarkson-zh-zh-cn-5197946::chunk_11,,manuals-刀闸阀-zp300型-clarkson-zh-zh-cn-5197946.md
ENT_000220,船舶管路系统_ZP300 型阀门_外耐磨环_旋转寿命参数,Parameter,耐磨环初始安装后允许的最大旋转次数及角度限制,manuals-刀闸阀-zp300型-clarkson-zh-zh-cn-5197946,manuals-刀闸阀-zp300型-clarkson-zh-zh-cn-5197946::chunk_8,,manuals-刀闸阀-zp300型-clarkson-zh-zh-cn-5197946.md
ENT_000221,船舶管路系统_ZP300 型阀门_外耐磨环_紧固螺钉规格,Parameter,依据阀门尺寸确定的 ASTM A574 镀锌内六角螺丝尺寸与长度标准,manuals-刀闸阀-zp300型-clarkson-zh-zh-cn-5197946,manuals-刀闸阀-zp300型-clarkson-zh-zh-cn-5197946::chunk_8,,manuals-刀闸阀-zp300型-clarkson-zh-zh-cn-5197946.md
ENT_000222,船舶管路系统_ZP300 型阀门_尺寸,Parameter,NPS 阀门尺寸规格参数,manuals-刀闸阀-zp300型-clarkson-zh-zh-cn-5197946,manuals-刀闸阀-zp300型-clarkson-zh-zh-cn-5197946::chunk_1,,manuals-刀闸阀-zp300型-clarkson-zh-zh-cn-5197946.md
ENT_000223,船舶管路系统_ZP300 型阀门_气动执行机构_储存期限参数,Parameter,气缸允许储存的最长年限及分段维护要求,manuals-刀闸阀-zp300型-clarkson-zh-zh-cn-5197946,manuals-刀闸阀-zp300型-clarkson-zh-zh-cn-5197946::chunk_12,,manuals-刀闸阀-zp300型-clarkson-zh-zh-cn-5197946.md
ENT_000224,船舶管路系统_ZP300 型阀门_气动执行机构_年操作频率参数,Parameter,储存期间每年必须操作气缸的次数要求,manuals-刀闸阀-zp300型-clarkson-zh-zh-cn-5197946,manuals-刀闸阀-zp300型-clarkson-zh-zh-cn-5197946::chunk_12,,manuals-刀闸阀-zp300型-clarkson-zh-zh-cn-5197946.md
ENT_000225,船舶管路系统_ZP300 型阀门_气动执行机构_润滑油规格参数,Parameter,气缸孔及活塞杆维护所需的液压油或润滑脂规格,manuals-刀闸阀-zp300型-clarkson-zh-zh-cn-5197946,manuals-刀闸阀-zp300型-clarkson-zh-zh-cn-5197946::chunk_12,,manuals-刀闸阀-zp300型-clarkson-zh-zh-cn-5197946.md
ENT_000226,船舶管路系统_ZP300 型阀门_法兰安装孔深度限制,Parameter,限定阀体内法兰安装孔深度为 1 倍法兰螺栓直径的技术参数,manuals-刀闸阀-zp300型-clarkson-zh-zh-cn-5197946,manuals-刀闸阀-zp300型-clarkson-zh-zh-cn-5197946::chunk_3,,manuals-刀闸阀-zp300型-clarkson-zh-zh-cn-5197946.md
ENT_000227,船舶管路系统_ZP300 型阀门_法兰螺栓最大扭矩,Parameter,不同阀门尺寸下法兰螺栓拧紧的扭矩上限值,manuals-刀闸阀-zp300型-clarkson-zh-zh-cn-5197946,manuals-刀闸阀-zp300型-clarkson-zh-zh-cn-5197946::chunk_4,,manuals-刀闸阀-zp300型-clarkson-zh-zh-cn-5197946.md
ENT_000228,船舶管路系统_ZP300 型阀门_法兰螺栓长度计算规则,Parameter,基于垫圈、法兰、垫片厚度计算螺栓长度的公式,manuals-刀闸阀-zp300型-clarkson-zh-zh-cn-5197946,manuals-刀闸阀-zp300型-clarkson-zh-zh-cn-5197946::chunk_4,,manuals-刀闸阀-zp300型-clarkson-zh-zh-cn-5197946.md
ENT_000229,船舶管路系统_ZP300 型阀门_符合标准,Parameter,设计与制造使用的标准规范参数,manuals-刀闸阀-zp300型-clarkson-zh-zh-cn-5197946,manuals-刀闸阀-zp300型-clarkson-zh-zh-cn-5197946::chunk_1,,manuals-刀闸阀-zp300型-clarkson-zh-zh-cn-5197946.md
ENT_000230,船舶管路系统_ZP300 型阀门_紧固胶水规格,Parameter,螺钉紧固所需使用的胶水型号规格,manuals-刀闸阀-zp300型-clarkson-zh-zh-cn-5197946,manuals-刀闸阀-zp300型-clarkson-zh-zh-cn-5197946::chunk_10,,manuals-刀闸阀-zp300型-clarkson-zh-zh-cn-5197946.md
ENT_000231,船舶管路系统_ZP300 型阀门_锥齿轮箱_传动比参数,Parameter,根据阀门尺寸确定的齿轮箱减速比例选型数据,manuals-刀闸阀-zp300型-clarkson-zh-zh-cn-5197946,manuals-刀闸阀-zp300型-clarkson-zh-zh-cn-5197946::chunk_7,,manuals-刀闸阀-zp300型-clarkson-zh-zh-cn-5197946.md
ENT_000232,船舶管路系统_ZP300 型阀门_阀体材料,Parameter,符合阀体材料标准的材质参数；符合闸板材料标准的材质参数；阀座使用的材料类型参数；填料使用的材料类型参数,manuals-刀闸阀-zp300型-clarkson-zh-zh-cn-5197946,manuals-刀闸阀-zp300型-clarkson-zh-zh-cn-5197946::chunk_1,,manuals-刀闸阀-zp300型-clarkson-zh-zh-cn-5197946.md
ENT_000233,阀门管路系统_三偏心阀_保护油,Parameter,用于涂抹填料区域防止锈蚀的保护性油膜,vanessa-30-000-系列三偏心阀-tov-安装、操作及维护手册-zh-cn-5195650,vanessa-30-000-系列三偏心阀-tov-安装、操作及维护手册-zh-cn-5195650::chunk_4;vanessa-30-000-系列三偏心阀-tov-安装、操作及维护手册-zh-cn-5195650::chunk_5,,vanessa-30-000-系列三偏心阀-tov-安装、操作及维护手册-zh-cn-5195650.md
ENT_000234,阀门管路系统_三偏心阀_冲洗流体压力差,Parameter,冲洗流体压力需高于管路压力约百分之五,vanessa-30-000-系列三偏心阀-tov-安装、操作及维护手册-zh-cn-5195650,vanessa-30-000-系列三偏心阀-tov-安装、操作及维护手册-zh-cn-5195650::chunk_7,,vanessa-30-000-系列三偏心阀-tov-安装、操作及维护手册-zh-cn-5195650.md
ENT_000235,阀门管路系统_三偏心阀_吊耳式阀体,Parameter,需要重点进行行程验证的吊耳式阀体结构配置,vanessa-30-000-系列三偏心阀-tov-安装、操作及维护手册-zh-cn-5195650,vanessa-30-000-系列三偏心阀-tov-安装、操作及维护手册-zh-cn-5195650::chunk_3,,vanessa-30-000-系列三偏心阀-tov-安装、操作及维护手册-zh-cn-5195650.md
ENT_000236,阀门管路系统_三偏心阀_密封性能,Parameter,阀门的密封效果指标，压力作用在阀杆侧时最佳,vanessa-30-000-系列三偏心阀-tov-安装、操作及维护手册-zh-cn-5195650,vanessa-30-000-系列三偏心阀-tov-安装、操作及维护手册-zh-cn-5195650::chunk_2,,vanessa-30-000-系列三偏心阀-tov-安装、操作及维护手册-zh-cn-5195650.md
ENT_000237,阀门管路系统_三偏心阀_对夹式阀体,Parameter,需要重点进行行程验证的对夹式阀体结构配置,vanessa-30-000-系列三偏心阀-tov-安装、操作及维护手册-zh-cn-5195650,vanessa-30-000-系列三偏心阀-tov-安装、操作及维护手册-zh-cn-5195650::chunk_3,,vanessa-30-000-系列三偏心阀-tov-安装、操作及维护手册-zh-cn-5195650.md
ENT_000238,阀门管路系统_三偏心阀_工作扭矩,Parameter,阀门工作时产生的扭矩参数，受安装方向影响,vanessa-30-000-系列三偏心阀-tov-安装、操作及维护手册-zh-cn-5195650,vanessa-30-000-系列三偏心阀-tov-安装、操作及维护手册-zh-cn-5195650::chunk_2,,vanessa-30-000-系列三偏心阀-tov-安装、操作及维护手册-zh-cn-5195650.md
ENT_000239,阀门管路系统_三偏心阀_润滑剂类型,Parameter,轻质矿物油或 Molykote 等兼容润滑剂规格,vanessa-30-000-系列三偏心阀-tov-安装、操作及维护手册-zh-cn-5195650,vanessa-30-000-系列三偏心阀-tov-安装、操作及维护手册-zh-cn-5195650::chunk_7,,vanessa-30-000-系列三偏心阀-tov-安装、操作及维护手册-zh-cn-5195650.md
ENT_000240,阀门管路系统_三偏心阀_螺柱终紧扭矩,Parameter,填料法兰螺柱螺母最终紧固的扭矩标准值,vanessa-30-000-系列三偏心阀-tov-安装、操作及维护手册-zh-cn-5195650,vanessa-30-000-系列三偏心阀-tov-安装、操作及维护手册-zh-cn-5195650::chunk_7,,vanessa-30-000-系列三偏心阀-tov-安装、操作及维护手册-zh-cn-5195650.md
ENT_000241,阀门管路系统_三偏心阀_螺柱预紧扭矩,Parameter,填料法兰螺柱螺母初始紧固的扭矩标准值,vanessa-30-000-系列三偏心阀-tov-安装、操作及维护手册-zh-cn-5195650,vanessa-30-000-系列三偏心阀-tov-安装、操作及维护手册-zh-cn-5195650::chunk_7,,vanessa-30-000-系列三偏心阀-tov-安装、操作及维护手册-zh-cn-5195650.md
ENT_000242,阀门管路系统_三偏心阀_设计压差,Parameter,阀门内件可承受而不泄漏的最大压差参数,vanessa-30-000-系列三偏心阀-tov-安装、操作及维护手册-zh-cn-5195650,vanessa-30-000-系列三偏心阀-tov-安装、操作及维护手册-zh-cn-5195650::chunk_0;vanessa-30-000-系列三偏心阀-tov-安装、操作及维护手册-zh-cn-5195650::chunk_1,,vanessa-30-000-系列三偏心阀-tov-安装、操作及维护手册-zh-cn-5195650.md
ENT_000243,阀门管路系统_三偏心阀_运行温度,Parameter,阀门正常工作允许的温度范围参数,vanessa-30-000-系列三偏心阀-tov-安装、操作及维护手册-zh-cn-5195650,vanessa-30-000-系列三偏心阀-tov-安装、操作及维护手册-zh-cn-5195650::chunk_0;vanessa-30-000-系列三偏心阀-tov-安装、操作及维护手册-zh-cn-5195650::chunk_1,,vanessa-30-000-系列三偏心阀-tov-安装、操作及维护手册-zh-cn-5195650.md
ENT_000244,阀门管路系统_管道系统_工艺温度,Parameter,管道系统内流体介质的工作温度参数,vanessa-30-000-系列三偏心阀-tov-安装、操作及维护手册-zh-cn-5195650,vanessa-30-000-系列三偏心阀-tov-安装、操作及维护手册-zh-cn-5195650::chunk_4;vanessa-30-000-系列三偏心阀-tov-安装、操作及维护手册-zh-cn-5195650::chunk_5,,vanessa-30-000-系列三偏心阀-tov-安装、操作及维护手册-zh-cn-5195650.md
ENT_000245,阀门管路系统_管道系统_腐蚀抑制剂,Parameter,水压测试时添加到水中防止腐蚀的化学剂,vanessa-30-000-系列三偏心阀-tov-安装、操作及维护手册-zh-cn-5195650,vanessa-30-000-系列三偏心阀-tov-安装、操作及维护手册-zh-cn-5195650::chunk_4;vanessa-30-000-系列三偏心阀-tov-安装、操作及维护手册-zh-cn-5195650::chunk_5,,vanessa-30-000-系列三偏心阀-tov-安装、操作及维护手册-zh-cn-5195650.md
ENT_000246,Rosemount 3051S 无线压力变送器_下载最新 DD 文件,RepairMethod,从官网下载并安装新设备描述符以恢复通讯功能的维修操作,参考手册-rosemount-3051s-无线系列产品-zh-cn-10755064,参考手册-rosemount-3051s-无线系列产品-zh-cn-10755064::chunk_1,,参考手册-rosemount-3051s-无线系列产品-zh-cn-10755064.md
ENT_000247,Rosemount 3051S 无线压力变送器_主设备复位,RepairMethod,重置设备电子部件以恢复工作的维修操作,参考手册-rosemount-3051s-无线系列产品-zh-cn-10755064,参考手册-rosemount-3051s-无线系列产品-zh-cn-10755064::chunk_4,,参考手册-rosemount-3051s-无线系列产品-zh-cn-10755064.md
ENT_000248,Rosemount 3051S 无线压力变送器_交叉模式拧紧螺栓,RepairMethod,按交叉模式分步拧紧法兰螺栓至初始和最终扭矩值,参考手册-rosemount-3051s-无线系列产品-zh-cn-10755064,参考手册-rosemount-3051s-无线系列产品-zh-cn-10755064::chunk_6,,参考手册-rosemount-3051s-无线系列产品-zh-cn-10755064.md
ENT_000249,Rosemount 3051S 无线压力变送器_传感器调整,RepairMethod,用于复位因安装位置改变导致的零点偏移的校准操作,参考手册-rosemount-3051s-无线系列产品-zh-cn-10755064,参考手册-rosemount-3051s-无线系列产品-zh-cn-10755064::chunk_5,,参考手册-rosemount-3051s-无线系列产品-zh-cn-10755064.md
ENT_000250,Rosemount 3051S 无线压力变送器_变量重映射,RepairMethod,组态变送器一级至四级变量映射关系的维修方法,参考手册-rosemount-3051s-无线系列产品-zh-cn-10755064,参考手册-rosemount-3051s-无线系列产品-zh-cn-10755064::chunk_4,,参考手册-rosemount-3051s-无线系列产品-zh-cn-10755064.md
ENT_000251,Rosemount 3051S 无线压力变送器_安装 RF 避雷器,RepairMethod,连接并紧固射频避雷器及接地处理的安装步骤,参考手册-rosemount-3051s-无线系列产品-zh-cn-10755064,参考手册-rosemount-3051s-无线系列产品-zh-cn-10755064::chunk_11,,参考手册-rosemount-3051s-无线系列产品-zh-cn-10755064.md
ENT_000252,Rosemount 3051S 无线压力变送器_安装一体化阀组,RepairMethod,将阀组与变送器法兰对正并使用螺栓固定,参考手册-rosemount-3051s-无线系列产品-zh-cn-10755064,参考手册-rosemount-3051s-无线系列产品-zh-cn-10755064::chunk_7,,参考手册-rosemount-3051s-无线系列产品-zh-cn-10755064.md
ENT_000253,Rosemount 3051S 无线压力变送器_安装端线板,RepairMethod,将端线板滑入外壳并紧固螺钉的组装操作,参考手册-rosemount-3051s-无线系列产品-zh-cn-10755064,参考手册-rosemount-3051s-无线系列产品-zh-cn-10755064::chunk_11,,参考手册-rosemount-3051s-无线系列产品-zh-cn-10755064.md
ENT_000254,Rosemount 3051S 无线压力变送器_安装远程天线,RepairMethod,将天线固定于支架并连接同轴电缆的室外安装操作,参考手册-rosemount-3051s-无线系列产品-zh-cn-10755064,参考手册-rosemount-3051s-无线系列产品-zh-cn-10755064::chunk_11,,参考手册-rosemount-3051s-无线系列产品-zh-cn-10755064.md
ENT_000255,Rosemount 3051S 无线压力变送器_导压管安装布置,RepairMethod,根据介质类型布置导压管坡度及高低点避免误差,参考手册-rosemount-3051s-无线系列产品-zh-cn-10755064,参考手册-rosemount-3051s-无线系列产品-zh-cn-10755064::chunk_6,,参考手册-rosemount-3051s-无线系列产品-zh-cn-10755064.md
ENT_000256,Rosemount 3051S 无线压力变送器_应用用户组态,RepairMethod,通过 AMS 软件生成并应用到目标设备的用户配置过程,参考手册-rosemount-3051s-无线系列产品-zh-cn-10755064,参考手册-rosemount-3051s-无线系列产品-zh-cn-10755064::chunk_5,,参考手册-rosemount-3051s-无线系列产品-zh-cn-10755064.md
ENT_000257,Rosemount 3051S 无线压力变送器_接地处理,RepairMethod,通过最小阻抗将变送器外壳直接连接到地面,参考手册-rosemount-3051s-无线系列产品-zh-cn-10755064,参考手册-rosemount-3051s-无线系列产品-zh-cn-10755064::chunk_7,,参考手册-rosemount-3051s-无线系列产品-zh-cn-10755064.md
ENT_000258,Rosemount 3051S 无线压力变送器_旋转外壳,RepairMethod,松开限位螺钉转动外壳最多 180 度以方便操作,参考手册-rosemount-3051s-无线系列产品-zh-cn-10755064,参考手册-rosemount-3051s-无线系列产品-zh-cn-10755064::chunk_7,,参考手册-rosemount-3051s-无线系列产品-zh-cn-10755064.md
ENT_000259,Rosemount 3051S 无线压力变送器_无线设备加电,RepairMethod,无线现场设备在安装后的上电启动操作步骤；在防爆环境下断电后安装黑色电源模块并密封导管,参考手册-rosemount-3051s-无线系列产品-zh-cn-10755064,参考手册-rosemount-3051s-无线系列产品-zh-cn-10755064::chunk_5;参考手册-rosemount-3051s-无线系列产品-zh-cn-10755064::chunk_7,,参考手册-rosemount-3051s-无线系列产品-zh-cn-10755064.md
ENT_000260,Rosemount 3051S 无线压力变送器_法兰转接器安装,RepairMethod,安装法兰转接器并调整连接中心距至标准尺寸；安装带 O 形圈的适配器并按规定扭矩拧紧螺栓,参考手册-rosemount-3051s-无线系列产品-zh-cn-10755064,参考手册-rosemount-3051s-无线系列产品-zh-cn-10755064::chunk_6;参考手册-rosemount-3051s-无线系列产品-zh-cn-10755064::chunk_7,,参考手册-rosemount-3051s-无线系列产品-zh-cn-10755064.md
ENT_000261,Rosemount 3051S 无线压力变送器_移除电源模块,RepairMethod,设备重新发运前移除电源模块以满足运输安全要求的操作,参考手册-rosemount-3051s-无线系列产品-zh-cn-10755064,参考手册-rosemount-3051s-无线系列产品-zh-cn-10755064::chunk_1,,参考手册-rosemount-3051s-无线系列产品-zh-cn-10755064.md
ENT_000262,Rosemount 3051S 无线压力变送器_组态网络参数,RepairMethod,输入匹配的网络 ID 和连接密钥使变送器连入网络的修复步骤；配置 LCD 显示屏选项的维修方法；配置压力与自定义单位换算关系的维修方法,参考手册-rosemount-3051s-无线系列产品-zh-cn-10755064,参考手册-rosemount-3051s-无线系列产品-zh-cn-10755064::chunk_1;参考手册-rosemount-3051s-无线系列产品-zh-cn-10755064::chunk_3,,参考手册-rosemount-3051s-无线系列产品-zh-cn-10755064.md
ENT_000263,Rosemount 3051S 无线压力变送器_组态过程警戒,RepairMethod,设置过程警戒高低限的维修方法,参考手册-rosemount-3051s-无线系列产品-zh-cn-10755064,参考手册-rosemount-3051s-无线系列产品-zh-cn-10755064::chunk_3,,参考手册-rosemount-3051s-无线系列产品-zh-cn-10755064.md
ENT_000264,Rosemount 3051S 无线压力变送器_设置过程变量单位,RepairMethod,通过 PV Unit 命令设置过程变量度量单位,参考手册-rosemount-3051s-无线系列产品-zh-cn-10755064,参考手册-rosemount-3051s-无线系列产品-zh-cn-10755064::chunk_2,,参考手册-rosemount-3051s-无线系列产品-zh-cn-10755064.md
ENT_000265,Rosemount 3051S 无线压力变送器_重新盖好外壳盖,RepairMethod,调试完成后重新安装外壳盖并确认接触,参考手册-rosemount-3051s-无线系列产品-zh-cn-10755064,参考手册-rosemount-3051s-无线系列产品-zh-cn-10755064::chunk_2,,参考手册-rosemount-3051s-无线系列产品-zh-cn-10755064.md
ENT_000266,Rosemount 3051S 无线压力变送器_重新组装过程法兰,RepairMethod,检查 O 形圈、安装法兰并按交叉模式拧紧螺栓的维修过程,参考手册-rosemount-3051s-无线系列产品-zh-cn-10755064,参考手册-rosemount-3051s-无线系列产品-zh-cn-10755064::chunk_11,,参考手册-rosemount-3051s-无线系列产品-zh-cn-10755064.md
ENT_000267,Rosemount 3051S 无线压力变送器_阀组零点调整,RepairMethod,通过操作阀组平衡阀补偿压力后调整变送器零点,参考手册-rosemount-3051s-无线系列产品-zh-cn-10755064,参考手册-rosemount-3051s-无线系列产品-zh-cn-10755064::chunk_7,,参考手册-rosemount-3051s-无线系列产品-zh-cn-10755064.md
ENT_000268,SMP Series Hydraulic Pump_Adjust Relief Valve,RepairMethod,使用压力表检测并将溢流阀调至系统额值,Operation and Maintenance Manual for SMP Series Hydraulic Pu,Operation and Maintenance Manual for SMP Series Hydraulic Pu::chunk_9,,Operation and Maintenance Manual for SMP Series Hydraulic Pu.md
ENT_000269,SMP Series Hydraulic Pump_Clean Valve Block,RepairMethod,清洗泵站阀块并更换清洁液压油,Operation and Maintenance Manual for SMP Series Hydraulic Pu,Operation and Maintenance Manual for SMP Series Hydraulic Pu::chunk_9,,Operation and Maintenance Manual for SMP Series Hydraulic Pu.md
ENT_000270,SMP Series Hydraulic Pump_Clear Quick Connector Oil,RepairMethod,检查快速接头钢球弹性并排尽雾状液压油,Operation and Maintenance Manual for SMP Series Hydraulic Pu,Operation and Maintenance Manual for SMP Series Hydraulic Pu::chunk_9,,Operation and Maintenance Manual for SMP Series Hydraulic Pu.md
ENT_000271,SMP Series Hydraulic Pump_Connect Air Source,RepairMethod,检查气源及连接部并接通气源,Operation and Maintenance Manual for SMP Series Hydraulic Pu,Operation and Maintenance Manual for SMP Series Hydraulic Pu::chunk_9,,Operation and Maintenance Manual for SMP Series Hydraulic Pu.md
ENT_000272,SMP Series Hydraulic Pump_Consult Agent,RepairMethod,设备异常或改装前咨询授权代理商,Operation and Maintenance Manual for SMP Series Hydraulic Pu,Operation and Maintenance Manual for SMP Series Hydraulic Pu::chunk_2,,Operation and Maintenance Manual for SMP Series Hydraulic Pu.md
ENT_000273,SMP Series Hydraulic Pump_Disassembly Procedure,RepairMethod,设备拆解维修的标准操作流程,Operation and Maintenance Manual for SMP Series Hydraulic Pu,Operation and Maintenance Manual for SMP Series Hydraulic Pu::chunk_1,,Operation and Maintenance Manual for SMP Series Hydraulic Pu.md
ENT_000274,SMP Series Hydraulic Pump_Eye Injury Emergency Handling,RepairMethod,液压油入眼后的清水冲洗急救措施,Operation and Maintenance Manual for SMP Series Hydraulic Pu,Operation and Maintenance Manual for SMP Series Hydraulic Pu::chunk_2,,Operation and Maintenance Manual for SMP Series Hydraulic Pu.md
ENT_000275,SMP Series Hydraulic Pump_Free Replacement And Repair,RepairMethod,保修期内由 WREN 公司免费更换或维修,Operation and Maintenance Manual for SMP Series Hydraulic Pu,Operation and Maintenance Manual for SMP Series Hydraulic Pu::chunk_12,,Operation and Maintenance Manual for SMP Series Hydraulic Pu.md
ENT_000276,SMP Series Hydraulic Pump_Maintain Valves,RepairMethod,锁紧阀或调整至正确位置或更换阀,Operation and Maintenance Manual for SMP Series Hydraulic Pu,Operation and Maintenance Manual for SMP Series Hydraulic Pu::chunk_9,,Operation and Maintenance Manual for SMP Series Hydraulic Pu.md
ENT_000277,SMP Series Hydraulic Pump_Oil Change Procedure,RepairMethod,液压系统更换液压油的标准维护操作流程,Operation and Maintenance Manual for SMP Series Hydraulic Pu,Operation and Maintenance Manual for SMP Series Hydraulic Pu::chunk_6;Operation and Maintenance Manual for SMP Series Hydraulic Pu::chunk_7,,Operation and Maintenance Manual for SMP Series Hydraulic Pu.md
ENT_000278,SMP Series Hydraulic Pump_Open Valves,RepairMethod,打开节流阀和手动单向阀确定系统通路,Operation and Maintenance Manual for SMP Series Hydraulic Pu,Operation and Maintenance Manual for SMP Series Hydraulic Pu::chunk_9,,Operation and Maintenance Manual for SMP Series Hydraulic Pu.md
ENT_000279,SMP Series Hydraulic Pump_Purge Air,RepairMethod,系统反复空运转数次排尽空气,Operation and Maintenance Manual for SMP Series Hydraulic Pu,Operation and Maintenance Manual for SMP Series Hydraulic Pu::chunk_9,,Operation and Maintenance Manual for SMP Series Hydraulic Pu.md
ENT_000280,SMP Series Hydraulic Pump_Refill Oil,RepairMethod,向贮油箱内加注液压油,Operation and Maintenance Manual for SMP Series Hydraulic Pu,Operation and Maintenance Manual for SMP Series Hydraulic Pu::chunk_9,,Operation and Maintenance Manual for SMP Series Hydraulic Pu.md
ENT_000281,SMP Series Hydraulic Pump_Reinstall Quick Connector,RepairMethod,拆开快速接头并重新安装,Operation and Maintenance Manual for SMP Series Hydraulic Pu,Operation and Maintenance Manual for SMP Series Hydraulic Pu::chunk_9,,Operation and Maintenance Manual for SMP Series Hydraulic Pu.md
ENT_000282,SMP Series Hydraulic Pump_Replace Oil,RepairMethod,更换混合水分的液压油,Operation and Maintenance Manual for SMP Series Hydraulic Pu,Operation and Maintenance Manual for SMP Series Hydraulic Pu::chunk_9,,Operation and Maintenance Manual for SMP Series Hydraulic Pu.md
ENT_000283,SMP Series Hydraulic Pump_Replace Pump Bearing,RepairMethod,更换损坏的径向柱塞泵轴承,Operation and Maintenance Manual for SMP Series Hydraulic Pu,Operation and Maintenance Manual for SMP Series Hydraulic Pu::chunk_9,,Operation and Maintenance Manual for SMP Series Hydraulic Pu.md
ENT_000284,SMP Series Hydraulic Pump_Replace Quick Connector Seal,RepairMethod,更换快速接头或密封圈,Operation and Maintenance Manual for SMP Series Hydraulic Pu,Operation and Maintenance Manual for SMP Series Hydraulic Pu::chunk_9,,Operation and Maintenance Manual for SMP Series Hydraulic Pu.md
ENT_000285,SMP Series Hydraulic Pump_Replace Seals,RepairMethod,更换失灵的密封件,Operation and Maintenance Manual for SMP Series Hydraulic Pu,Operation and Maintenance Manual for SMP Series Hydraulic Pu::chunk_9,,Operation and Maintenance Manual for SMP Series Hydraulic Pu.md
ENT_000286,使用管道支架或伸缩节,RepairMethod,减少阀门管道负载的安装支撑处理方法；使用管道支架或伸缩节进行维修的方法,manuals-刀闸阀-zp300型-clarkson-zh-zh-cn-5197946,manuals-刀闸阀-zp300型-clarkson-zh-zh-cn-5197946::chunk_0;manuals-刀闸阀-zp300型-clarkson-zh-zh-cn-5197946::chunk_1,,manuals-刀闸阀-zp300型-clarkson-zh-zh-cn-5197946.md
ENT_000287,法兰紧固件对角交叉均匀拧紧,RepairMethod,防止阀门变形所需的标准化紧固操作流程；法兰紧固件对角交叉均匀拧紧的维修操作,manuals-刀闸阀-zp300型-clarkson-zh-zh-cn-5197946,manuals-刀闸阀-zp300型-clarkson-zh-zh-cn-5197946::chunk_0;manuals-刀闸阀-zp300型-clarkson-zh-zh-cn-5197946::chunk_1,,manuals-刀闸阀-zp300型-clarkson-zh-zh-cn-5197946.md
ENT_000288,船舶管路系统_ZP300 型阀门_填料切削补偿,RepairMethod,切削填料略长以补偿磨损并增加压缩度,manuals-刀闸阀-zp300型-clarkson-zh-zh-cn-5197946,manuals-刀闸阀-zp300型-clarkson-zh-zh-cn-5197946::chunk_10,,manuals-刀闸阀-zp300型-clarkson-zh-zh-cn-5197946.md
ENT_000289,船舶管路系统_ZP300 型阀门_填料层交替安放,RepairMethod,调整填料压盖螺栓以获得适当密封的维修操作；交替安放不同宽度填料层以填充空腔；使用螺柱弹簧垫圈和螺母安装填料压盖；针对阀门填料磨损或泄漏进行的整体更换维修操作程序,manuals-刀闸阀-zp300型-clarkson-zh-zh-cn-5197946,manuals-刀闸阀-zp300型-clarkson-zh-zh-cn-5197946::chunk_10;manuals-刀闸阀-zp300型-clarkson-zh-zh-cn-5197946::chunk_11;manuals-刀闸阀-zp300型-clarkson-zh-zh-cn-5197946::chunk_2,,manuals-刀闸阀-zp300型-clarkson-zh-zh-cn-5197946.md
ENT_000290,船舶管路系统_ZP300 型阀门_外耐磨环_安装方法,RepairMethod,包含定位孔使用顺序及 O 型环垫片密封安装的标准作业流程,manuals-刀闸阀-zp300型-clarkson-zh-zh-cn-5197946,manuals-刀闸阀-zp300型-clarkson-zh-zh-cn-5197946::chunk_8,,manuals-刀闸阀-zp300型-clarkson-zh-zh-cn-5197946.md
ENT_000291,船舶管路系统_ZP300 型阀门_安装方式 A,RepairMethod,填料更换过程中依据图纸要求的一种特定安装配置模式；填料更换过程中依据图纸要求的另一种特定安装配置模式,manuals-刀闸阀-zp300型-clarkson-zh-zh-cn-5197946,manuals-刀闸阀-zp300型-clarkson-zh-zh-cn-5197946::chunk_11,,manuals-刀闸阀-zp300型-clarkson-zh-zh-cn-5197946.md
ENT_000292,船舶管路系统_ZP300 型阀门_弹性阀座更换,RepairMethod,当阀座出现裂纹或泄漏风险时更换阀座的维修方法,manuals-刀闸阀-zp300型-clarkson-zh-zh-cn-5197946,manuals-刀闸阀-zp300型-clarkson-zh-zh-cn-5197946::chunk_9,,manuals-刀闸阀-zp300型-clarkson-zh-zh-cn-5197946.md
ENT_000293,船舶管路系统_ZP300 型阀门_手轮螺母拧紧,RepairMethod,使用扳手紧固手轮固定螺母的维修操作,manuals-刀闸阀-zp300型-clarkson-zh-zh-cn-5197946,manuals-刀闸阀-zp300型-clarkson-zh-zh-cn-5197946::chunk_2,,manuals-刀闸阀-zp300型-clarkson-zh-zh-cn-5197946.md
ENT_000294,船舶管路系统_ZP300 型阀门_气动执行机构_活塞杆涂脂维护,RepairMethod,储存期间对活塞杆表面涂抹稠润滑脂的防护方法,manuals-刀闸阀-zp300型-clarkson-zh-zh-cn-5197946,manuals-刀闸阀-zp300型-clarkson-zh-zh-cn-5197946::chunk_12,,manuals-刀闸阀-zp300型-clarkson-zh-zh-cn-5197946.md
ENT_000295,船舶管路系统_ZP300 型阀门_气动执行机构_长期储存润滑维护,RepairMethod,针对长期储存气缸的定期注油与操作维护方法；未连接管路时对气缸孔及附件输入输出孔的封堵方法,manuals-刀闸阀-zp300型-clarkson-zh-zh-cn-5197946,manuals-刀闸阀-zp300型-clarkson-zh-zh-cn-5197946::chunk_12,,manuals-刀闸阀-zp300型-clarkson-zh-zh-cn-5197946.md
ENT_000296,船舶管路系统_ZP300 型阀门_法兰安装孔螺钉使用,RepairMethod,建议在阀体内所有法兰安装孔上使用螺钉的维护安装方法,manuals-刀闸阀-zp300型-clarkson-zh-zh-cn-5197946,manuals-刀闸阀-zp300型-clarkson-zh-zh-cn-5197946::chunk_3,,manuals-刀闸阀-zp300型-clarkson-zh-zh-cn-5197946.md
ENT_000297,船舶管路系统_ZP300 型阀门_耐磨环旋转延寿,RepairMethod,通过旋转耐磨环改变磨损区域以延长使用寿命的维修方法,manuals-刀闸阀-zp300型-clarkson-zh-zh-cn-5197946,manuals-刀闸阀-zp300型-clarkson-zh-zh-cn-5197946::chunk_9,,manuals-刀闸阀-zp300型-clarkson-zh-zh-cn-5197946.md
ENT_000298,船舶管路系统_ZP300 型阀门_耐磨环更换,RepairMethod,当基底金属腐蚀时更换耐磨环的维修处理方法,manuals-刀闸阀-zp300型-clarkson-zh-zh-cn-5197946,manuals-刀闸阀-zp300型-clarkson-zh-zh-cn-5197946::chunk_9,,manuals-刀闸阀-zp300型-clarkson-zh-zh-cn-5197946.md
ENT_000299,船舶管路系统_ZP300 型阀门_贝氏弹簧垫圈堆叠,RepairMethod,按特定朝向和顺序堆叠弹簧垫圈防松动,manuals-刀闸阀-zp300型-clarkson-zh-zh-cn-5197946,manuals-刀闸阀-zp300型-clarkson-zh-zh-cn-5197946::chunk_10,,manuals-刀闸阀-zp300型-clarkson-zh-zh-cn-5197946.md
ENT_000300,阀门管路系统_三偏心阀_动态负载填料维护,RepairMethod,对活载填料配置阀门填料的维护操作,vanessa-30-000-系列三偏心阀-tov-安装、操作及维护手册-zh-cn-5195650,vanessa-30-000-系列三偏心阀-tov-安装、操作及维护手册-zh-cn-5195650::chunk_7,,vanessa-30-000-系列三偏心阀-tov-安装、操作及维护手册-zh-cn-5195650.md
ENT_000301,阀门管路系统_三偏心阀_填料冲洗消除排放,RepairMethod,加压流体阻塞管路流体进入大气通道,vanessa-30-000-系列三偏心阀-tov-安装、操作及维护手册-zh-cn-5195650,vanessa-30-000-系列三偏心阀-tov-安装、操作及维护手册-zh-cn-5195650::chunk_7,,vanessa-30-000-系列三偏心阀-tov-安装、操作及维护手册-zh-cn-5195650.md
ENT_000302,阀门管路系统_三偏心阀_填料法兰螺柱紧固,RepairMethod,依据螺栓尺寸和压力等级进行螺柱螺母预紧和终紧,vanessa-30-000-系列三偏心阀-tov-安装、操作及维护手册-zh-cn-5195650,vanessa-30-000-系列三偏心阀-tov-安装、操作及维护手册-zh-cn-5195650::chunk_7,,vanessa-30-000-系列三偏心阀-tov-安装、操作及维护手册-zh-cn-5195650.md
ENT_000303,阀门管路系统_三偏心阀_填料涂油,RepairMethod,向阀杆和填料衬套区域涂抹保护油的维护步骤,vanessa-30-000-系列三偏心阀-tov-安装、操作及维护手册-zh-cn-5195650,vanessa-30-000-系列三偏心阀-tov-安装、操作及维护手册-zh-cn-5195650::chunk_4;vanessa-30-000-系列三偏心阀-tov-安装、操作及维护手册-zh-cn-5195650::chunk_5,,vanessa-30-000-系列三偏心阀-tov-安装、操作及维护手册-zh-cn-5195650.md
ENT_000304,阀门管路系统_三偏心阀_开闭周期操作,RepairMethod,测试后执行完整开关周期以保持阀门活性的维护操作,vanessa-30-000-系列三偏心阀-tov-安装、操作及维护手册-zh-cn-5195650,vanessa-30-000-系列三偏心阀-tov-安装、操作及维护手册-zh-cn-5195650::chunk_4;vanessa-30-000-系列三偏心阀-tov-安装、操作及维护手册-zh-cn-5195650::chunk_5,,vanessa-30-000-系列三偏心阀-tov-安装、操作及维护手册-zh-cn-5195650.md
ENT_000305,阀门管路系统_三偏心阀_管路冲洗,RepairMethod,安装前清除管路异物防止损坏阀内件的预处理；关键服务下连续引入惰性流体形成压力屏障；次要服务下定期清除轴承阀杆接口沉积物,vanessa-30-000-系列三偏心阀-tov-安装、操作及维护手册-zh-cn-5195650,vanessa-30-000-系列三偏心阀-tov-安装、操作及维护手册-zh-cn-5195650::chunk_0;vanessa-30-000-系列三偏心阀-tov-安装、操作及维护手册-zh-cn-5195650::chunk_1;vanessa-30-000-系列三偏心阀-tov-安装、操作及维护手册-zh-cn-5195650::chunk_7,,vanessa-30-000-系列三偏心阀-tov-安装、操作及维护手册-zh-cn-5195650.md
ENT_000306,阀门管路系统_三偏心阀_部件润滑,RepairMethod,对填料环蝶板表面螺杆螺栓等部件进行润滑,vanessa-30-000-系列三偏心阀-tov-安装、操作及维护手册-zh-cn-5195650,vanessa-30-000-系列三偏心阀-tov-安装、操作及维护手册-zh-cn-5195650::chunk_7,,vanessa-30-000-系列三偏心阀-tov-安装、操作及维护手册-zh-cn-5195650.md
ENT_000307,阀门管路系统_三偏心阀_阀杆侧受压安装,RepairMethod,压力作用在阀杆侧的安装方法，保证最佳密封性能,vanessa-30-000-系列三偏心阀-tov-安装、操作及维护手册-zh-cn-5195650,vanessa-30-000-系列三偏心阀-tov-安装、操作及维护手册-zh-cn-5195650::chunk_2,,vanessa-30-000-系列三偏心阀-tov-安装、操作及维护手册-zh-cn-5195650.md
ENT_000308,阀门管路系统_三偏心阀_阀杆水平安装,RepairMethod,最佳安装方式以减少固体颗粒沉积问题的措施,vanessa-30-000-系列三偏心阀-tov-安装、操作及维护手册-zh-cn-5195650,vanessa-30-000-系列三偏心阀-tov-安装、操作及维护手册-zh-cn-5195650::chunk_0;vanessa-30-000-系列三偏心阀-tov-安装、操作及维护手册-zh-cn-5195650::chunk_1,,vanessa-30-000-系列三偏心阀-tov-安装、操作及维护手册-zh-cn-5195650.md
ENT_000309,阀门管路系统_管道系统_减压排水,RepairMethod,测试结束后降低压力并排干试水的处理流程,vanessa-30-000-系列三偏心阀-tov-安装、操作及维护手册-zh-cn-5195650,vanessa-30-000-系列三偏心阀-tov-安装、操作及维护手册-zh-cn-5195650::chunk_4;vanessa-30-000-系列三偏心阀-tov-安装、操作及维护手册-zh-cn-5195650::chunk_5,,vanessa-30-000-系列三偏心阀-tov-安装、操作及维护手册-zh-cn-5195650.md
ENT_000310,Rosemount 3051S 无线压力变送器_O 形圈凹槽保护,SafetyNote,拆卸损坏 O 形圈时禁止划伤凹槽或隔膜表面的禁忌,参考手册-rosemount-3051s-无线系列产品-zh-cn-10755064,参考手册-rosemount-3051s-无线系列产品-zh-cn-10755064::chunk_11,,参考手册-rosemount-3051s-无线系列产品-zh-cn-10755064.md
ENT_000311,Rosemount 3051S 无线压力变送器_O 形圈泄漏风险,SafetyNote,未安装适当法兰适配器 O 形圈可能造成过程泄漏危及安全,参考手册-rosemount-3051s-无线系列产品-zh-cn-10755064,参考手册-rosemount-3051s-无线系列产品-zh-cn-10755064::chunk_7,,参考手册-rosemount-3051s-无线系列产品-zh-cn-10755064.md
ENT_000312,Rosemount 3051S 无线压力变送器_写保护安全功能,SafetyNote,防止意外修改组态的安全禁忌,参考手册-rosemount-3051s-无线系列产品-zh-cn-10755064,参考手册-rosemount-3051s-无线系列产品-zh-cn-10755064::chunk_3,,参考手册-rosemount-3051s-无线系列产品-zh-cn-10755064.md
ENT_000313,Rosemount 3051S 无线压力变送器_加压前拧紧螺栓安全,SafetyNote,为防止泄漏加压前必须安装并拧好全部四个法兰螺栓,参考手册-rosemount-3051s-无线系列产品-zh-cn-10755064,参考手册-rosemount-3051s-无线系列产品-zh-cn-10755064::chunk_6,,参考手册-rosemount-3051s-无线系列产品-zh-cn-10755064.md
ENT_000314,Rosemount 3051S 无线压力变送器_危险物质处理安全,SafetyNote,退回接触危险物质产品时必须随附 MSDS 复印件的安全规定；在易爆环境中连接手操器时必须按照本质安全实践安装,参考手册-rosemount-3051s-无线系列产品-zh-cn-10755064,参考手册-rosemount-3051s-无线系列产品-zh-cn-10755064::chunk_1,,参考手册-rosemount-3051s-无线系列产品-zh-cn-10755064.md
ENT_000315,Rosemount 3051S 无线压力变送器_外壳盖金属接触安全,SafetyNote,拧紧外壳盖时必须确认金属与金属接触以确保防爆安全；拧紧外壳盖时必须确保金属与金属接触的安全要求,参考手册-rosemount-3051s-无线系列产品-zh-cn-10755064,参考手册-rosemount-3051s-无线系列产品-zh-cn-10755064::chunk_11;参考手册-rosemount-3051s-无线系列产品-zh-cn-10755064::chunk_2,,参考手册-rosemount-3051s-无线系列产品-zh-cn-10755064.md
ENT_000316,Rosemount 3051S 无线压力变送器_天线垂直安装要求,SafetyNote,天线必须垂直安装且视线清晰的位置约束,参考手册-rosemount-3051s-无线系列产品-zh-cn-10755064,参考手册-rosemount-3051s-无线系列产品-zh-cn-10755064::chunk_11,,参考手册-rosemount-3051s-无线系列产品-zh-cn-10755064.md
ENT_000317,Rosemount 3051S 无线压力变送器_天线安全间距,SafetyNote,安装设备时必须保证天线与人员之间至少有 20 厘米间距,参考手册-rosemount-3051s-无线系列产品-zh-cn-10755064,参考手册-rosemount-3051s-无线系列产品-zh-cn-10755064::chunk_1,,参考手册-rosemount-3051s-无线系列产品-zh-cn-10755064.md
ENT_000318,Rosemount 3051S 无线压力变送器_工作状态禁止拆卸螺栓,SafetyNote,变送器工作时不得试图松开或拆卸法兰螺栓,参考手册-rosemount-3051s-无线系列产品-zh-cn-10755064,参考手册-rosemount-3051s-无线系列产品-zh-cn-10755064::chunk_6,,参考手册-rosemount-3051s-无线系列产品-zh-cn-10755064.md
ENT_000319,Rosemount 3051S 无线压力变送器_平衡阀操作顺序,SafetyNote,打开低压侧平衡阀前必须先打开高压侧平衡阀的安全操作顺序,参考手册-rosemount-3051s-无线系列产品-zh-cn-10755064,参考手册-rosemount-3051s-无线系列产品-zh-cn-10755064::chunk_8,,参考手册-rosemount-3051s-无线系列产品-zh-cn-10755064.md
ENT_000320,Rosemount 3051S 无线压力变送器_爆炸环境禁止带电拆卸盖,SafetyNote,爆炸性环境中电路带电时切勿拆卸外壳盖以防爆炸,参考手册-rosemount-3051s-无线系列产品-zh-cn-10755064,参考手册-rosemount-3051s-无线系列产品-zh-cn-10755064::chunk_7,,参考手册-rosemount-3051s-无线系列产品-zh-cn-10755064.md
ENT_000321,Rosemount 3051S 无线压力变送器_电池放电后危险,SafetyNote,电池放电后危险依然存在需注意处理,参考手册-rosemount-3051s-无线系列产品-zh-cn-10755064,参考手册-rosemount-3051s-无线系列产品-zh-cn-10755064::chunk_2,,参考手册-rosemount-3051s-无线系列产品-zh-cn-10755064.md
ENT_000322,Rosemount 3051S 无线压力变送器_电源模块跌落安全,SafetyNote,电源模块掉落到坚硬表面可能会损坏需谨慎 handling,参考手册-rosemount-3051s-无线系列产品-zh-cn-10755064,参考手册-rosemount-3051s-无线系列产品-zh-cn-10755064::chunk_2,,参考手册-rosemount-3051s-无线系列产品-zh-cn-10755064.md
ENT_000323,Rosemount 3051S 无线压力变送器_螺栓润滑禁忌,SafetyNote,安装法兰螺栓时不应额外涂敷润滑剂的安全与性能注意事项,参考手册-rosemount-3051s-无线系列产品-zh-cn-10755064,参考手册-rosemount-3051s-无线系列产品-zh-cn-10755064::chunk_5,,参考手册-rosemount-3051s-无线系列产品-zh-cn-10755064.md
ENT_000324,Rosemount 3051S 无线压力变送器_过程流体接触危险,SafetyNote,排放排气阀朝向不当可能导致过程流体接触人员的安全禁忌,参考手册-rosemount-3051s-无线系列产品-zh-cn-10755064,参考手册-rosemount-3051s-无线系列产品-zh-cn-10755064::chunk_5,,参考手册-rosemount-3051s-无线系列产品-zh-cn-10755064.md
ENT_000325,Rosemount 3051S 无线压力变送器_避雷器接地规范,SafetyNote,射频避雷器连接点必须按照本地电气规范接地的要求,参考手册-rosemount-3051s-无线系列产品-zh-cn-10755064,参考手册-rosemount-3051s-无线系列产品-zh-cn-10755064::chunk_11,,参考手册-rosemount-3051s-无线系列产品-zh-cn-10755064.md
ENT_000326,Rosemount 3051S 无线压力变送器_金属紧贴金属密封,SafetyNote,电子部件外壳盖安装时必须确保金属接触以保证完全密封的安全要求,参考手册-rosemount-3051s-无线系列产品-zh-cn-10755064,参考手册-rosemount-3051s-无线系列产品-zh-cn-10755064::chunk_5,,参考手册-rosemount-3051s-无线系列产品-zh-cn-10755064.md
ENT_000327,Rosemount 3051S 无线压力变送器_锂电池运输安全,SafetyNote,锂电池运输受交通部及 IATA 监管，需防止热量电气机械损坏,参考手册-rosemount-3051s-无线系列产品-zh-cn-10755064,参考手册-rosemount-3051s-无线系列产品-zh-cn-10755064::chunk_1,,参考手册-rosemount-3051s-无线系列产品-zh-cn-10755064.md
ENT_000328,Rosemount 3051S 无线压力变送器_零点调整压力安全,SafetyNote,零点调整过程中禁止对变送器施加过大压力以防损坏的安全禁忌,参考手册-rosemount-3051s-无线系列产品-zh-cn-10755064,参考手册-rosemount-3051s-无线系列产品-zh-cn-10755064::chunk_8,,参考手册-rosemount-3051s-无线系列产品-zh-cn-10755064.md
ENT_000329,Rosemount 3051S 无线压力变送器_高温过程材料接触禁忌,SafetyNote,避免侵蚀性或高温过程材料与 SuperModule 和法兰直接接触,参考手册-rosemount-3051s-无线系列产品-zh-cn-10755064,参考手册-rosemount-3051s-无线系列产品-zh-cn-10755064::chunk_6,,参考手册-rosemount-3051s-无线系列产品-zh-cn-10755064.md
ENT_000330,SMP Series Hydraulic Pump_Air Source Cut Safety,SafetyNote,检查气动马达前必须切断气源的安全规定,Operation and Maintenance Manual for SMP Series Hydraulic Pu,Operation and Maintenance Manual for SMP Series Hydraulic Pu::chunk_5,,Operation and Maintenance Manual for SMP Series Hydraulic Pu.md
ENT_000331,SMP Series Hydraulic Pump_Cleanliness Maintenance,SafetyNote,保持注油口和快速接头清洁的维护要求,Operation and Maintenance Manual for SMP Series Hydraulic Pu,Operation and Maintenance Manual for SMP Series Hydraulic Pu::chunk_5,,Operation and Maintenance Manual for SMP Series Hydraulic Pu.md
ENT_000332,SMP Series Hydraulic Pump_Eye Contact Safety,SafetyNote,防止液压油溅入眼睛造成损伤的安全注意事项,Operation and Maintenance Manual for SMP Series Hydraulic Pu,Operation and Maintenance Manual for SMP Series Hydraulic Pu::chunk_6;Operation and Maintenance Manual for SMP Series Hydraulic Pu::chunk_7,,Operation and Maintenance Manual for SMP Series Hydraulic Pu.md
ENT_000333,SMP Series Hydraulic Pump_High Pressure Fluid Safety,SafetyNote,高压油管处禁止站人的安全警示；针对高压液压油泄漏穿透皮肤风险的安全警示,Operation and Maintenance Manual for SMP Series Hydraulic Pu,Operation and Maintenance Manual for SMP Series Hydraulic Pu::chunk_5;Operation and Maintenance Manual for SMP Series Hydraulic Pu::chunk_6;Operation and Maintenance Manual for SMP Series Hydraulic Pu::chunk_7,,Operation and Maintenance Manual for SMP Series Hydraulic Pu.md
ENT_000334,SMP Series Hydraulic Pump_Hose Bending Safety,SafetyNote,禁止过小弯曲半径防止软管损坏的安全规定；禁止软管缠绕防止背压损坏的安全规定,Operation and Maintenance Manual for SMP Series Hydraulic Pu,Operation and Maintenance Manual for SMP Series Hydraulic Pu::chunk_11,,Operation and Maintenance Manual for SMP Series Hydraulic Pu.md
ENT_000335,SMP Series Hydraulic Pump_Hose Dragging Safety,SafetyNote,禁止拖拉吊起重物防止软管损坏的安全规定,Operation and Maintenance Manual for SMP Series Hydraulic Pu,Operation and Maintenance Manual for SMP Series Hydraulic Pu::chunk_11,,Operation and Maintenance Manual for SMP Series Hydraulic Pu.md
ENT_000336,SMP Series Hydraulic Pump_Hose Environment Safety,SafetyNote,禁止过热腐蚀环境使用软管的安全规定,Operation and Maintenance Manual for SMP Series Hydraulic Pu,Operation and Maintenance Manual for SMP Series Hydraulic Pu::chunk_11,,Operation and Maintenance Manual for SMP Series Hydraulic Pu.md
ENT_000337,SMP Series Hydraulic Pump_Hose Impact Safety,SafetyNote,禁止重物冲击防止软管爆裂的安全规定,Operation and Maintenance Manual for SMP Series Hydraulic Pu,Operation and Maintenance Manual for SMP Series Hydraulic Pu::chunk_11,,Operation and Maintenance Manual for SMP Series Hydraulic Pu.md
ENT_000338,SMP Series Hydraulic Pump_Hose Overpressure Safety,SafetyNote,禁止超过额定压力使用软管的安全规定,Operation and Maintenance Manual for SMP Series Hydraulic Pu,Operation and Maintenance Manual for SMP Series Hydraulic Pu::chunk_11,,Operation and Maintenance Manual for SMP Series Hydraulic Pu.md
ENT_000339,SMP Series Hydraulic Pump_Hose Passageway Protection,SafetyNote,软管布置在通道时必须加装盖板的安全规定,Operation and Maintenance Manual for SMP Series Hydraulic Pu,Operation and Maintenance Manual for SMP Series Hydraulic Pu::chunk_11,,Operation and Maintenance Manual for SMP Series Hydraulic Pu.md
ENT_000340,SMP Series Hydraulic Pump_Maintenance Power Cut Safety,SafetyNote,维修前必须切断气源的安全规定,Operation and Maintenance Manual for SMP Series Hydraulic Pu,Operation and Maintenance Manual for SMP Series Hydraulic Pu::chunk_2,,Operation and Maintenance Manual for SMP Series Hydraulic Pu.md
ENT_000341,SMP Series Hydraulic Pump_Operation Position Safety,SafetyNote,操作时禁止站在液压油出口处的警告,Operation and Maintenance Manual for SMP Series Hydraulic Pu,Operation and Maintenance Manual for SMP Series Hydraulic Pu::chunk_2,,Operation and Maintenance Manual for SMP Series Hydraulic Pu.md
ENT_000342,SMP Series Hydraulic Pump_Operation Safety Warning,SafetyNote,操作前必须阅读警告牌的安全禁忌事项,Operation and Maintenance Manual for SMP Series Hydraulic Pu,Operation and Maintenance Manual for SMP Series Hydraulic Pu::chunk_1,,Operation and Maintenance Manual for SMP Series Hydraulic Pu.md
ENT_000343,SMP Series Hydraulic Pump_Pressure Adjustment Connection Safety,SafetyNote,禁止超压调节压力阀的安全警告；调压时输出油口必须连接元件的操作安全,Operation and Maintenance Manual for SMP Series Hydraulic Pu,Operation and Maintenance Manual for SMP Series Hydraulic Pu::chunk_2;Operation and Maintenance Manual for SMP Series Hydraulic Pu::chunk_5,,Operation and Maintenance Manual for SMP Series Hydraulic Pu.md
ENT_000344,SMP Series Hydraulic Pump_Shutdown Procedure,SafetyNote,工作完毕后关闭马达切断气源并泄压拆卸,Operation and Maintenance Manual for SMP Series Hydraulic Pu,Operation and Maintenance Manual for SMP Series Hydraulic Pu::chunk_9,,Operation and Maintenance Manual for SMP Series Hydraulic Pu.md
ENT_000345,SMP Series Hydraulic Pump_Tank Cover Safety,SafetyNote,贮油箱增压时禁止打开箱盖的安全警示,Operation and Maintenance Manual for SMP Series Hydraulic Pu,Operation and Maintenance Manual for SMP Series Hydraulic Pu::chunk_5,,Operation and Maintenance Manual for SMP Series Hydraulic Pu.md
ENT_000346,SMP Series Hydraulic Pump_Transport Handling Safety,SafetyNote,搬运过程中需轻拿轻放及采用合适工具的安全要求,Operation and Maintenance Manual for SMP Series Hydraulic Pu,Operation and Maintenance Manual for SMP Series Hydraulic Pu::chunk_8,,Operation and Maintenance Manual for SMP Series Hydraulic Pu.md
ENT_000347,SMP Series Hydraulic Pump_Transport Orientation Safety,SafetyNote,装运时产品必须保持立式向上的位置安全要求,Operation and Maintenance Manual for SMP Series Hydraulic Pu,Operation and Maintenance Manual for SMP Series Hydraulic Pu::chunk_8,,Operation and Maintenance Manual for SMP Series Hydraulic Pu.md
ENT_000348,SMP Series Hydraulic Pump_Warranty Scope,SafetyNote,规定保修范围及除外责任的安全须知,Operation and Maintenance Manual for SMP Series Hydraulic Pu,Operation and Maintenance Manual for SMP Series Hydraulic Pu::chunk_12,,Operation and Maintenance Manual for SMP Series Hydraulic Pu.md
ENT_000349,SMP Series Hydraulic Pump_Waste Oil Disposal,SafetyNote,废弃液压油作为工业废料的合规处理要求,Operation and Maintenance Manual for SMP Series Hydraulic Pu,Operation and Maintenance Manual for SMP Series Hydraulic Pu::chunk_6;Operation and Maintenance Manual for SMP Series Hydraulic Pu::chunk_7,,Operation and Maintenance Manual for SMP Series Hydraulic Pu.md
ENT_000350,船舶管路系统_ZP300 型阀门_填料安装防扭曲,SafetyNote,安装期间禁止填料股扭曲以保证密封,manuals-刀闸阀-zp300型-clarkson-zh-zh-cn-5197946,manuals-刀闸阀-zp300型-clarkson-zh-zh-cn-5197946::chunk_10,,manuals-刀闸阀-zp300型-clarkson-zh-zh-cn-5197946.md
ENT_000351,船舶管路系统_ZP300 型阀门_填料过度拧紧禁忌,SafetyNote,禁止过分拧紧填料以防扭矩增加和寿命缩短的安全警示,manuals-刀闸阀-zp300型-clarkson-zh-zh-cn-5197946,manuals-刀闸阀-zp300型-clarkson-zh-zh-cn-5197946::chunk_2,,manuals-刀闸阀-zp300型-clarkson-zh-zh-cn-5197946.md
ENT_000352,船舶管路系统_ZP300 型阀门_弹簧垫圈朝向要求,SafetyNote,弹簧垫圈叠层需朝向相对方向呈杯形,manuals-刀闸阀-zp300型-clarkson-zh-zh-cn-5197946,manuals-刀闸阀-zp300型-clarkson-zh-zh-cn-5197946::chunk_10,,manuals-刀闸阀-zp300型-clarkson-zh-zh-cn-5197946.md
ENT_000353,船舶管路系统_ZP300 型阀门_微小泄漏及时处理,SafetyNote,发现微小泄漏需立即停止以防显著损坏,manuals-刀闸阀-zp300型-clarkson-zh-zh-cn-5197946,manuals-刀闸阀-zp300型-clarkson-zh-zh-cn-5197946::chunk_10,,manuals-刀闸阀-zp300型-clarkson-zh-zh-cn-5197946.md
ENT_000354,船舶管路系统_ZP300 型阀门_扭矩超限禁忌,SafetyNote,禁止超过最大扭矩以防损坏阀体法兰孔内螺纹,manuals-刀闸阀-zp300型-clarkson-zh-zh-cn-5197946,manuals-刀闸阀-zp300型-clarkson-zh-zh-cn-5197946::chunk_4,,manuals-刀闸阀-zp300型-clarkson-zh-zh-cn-5197946.md
ENT_000355,船舶管路系统_ZP300 型阀门_气动执行机构_储存前联系厂家,SafetyNote,储存前如需具体制造商说明必须联系厂家办公室的安全提示,manuals-刀闸阀-zp300型-clarkson-zh-zh-cn-5197946,manuals-刀闸阀-zp300型-clarkson-zh-zh-cn-5197946::chunk_12,,manuals-刀闸阀-zp300型-clarkson-zh-zh-cn-5197946.md
ENT_000356,船舶管路系统_ZP300 型阀门_锥齿轮箱_超大尺寸联系销售,SafetyNote,针对 NPS26 以上超大尺寸阀门的特殊选型安全禁忌,manuals-刀闸阀-zp300型-clarkson-zh-zh-cn-5197946,manuals-刀闸阀-zp300型-clarkson-zh-zh-cn-5197946::chunk_7,,manuals-刀闸阀-zp300型-clarkson-zh-zh-cn-5197946.md
ENT_000357,船舶管路系统_ZP300 型阀门_阀体内表面损坏防护,SafetyNote,安装螺钉或螺栓时避免损坏阀体内表面的安全警示,manuals-刀闸阀-zp300型-clarkson-zh-zh-cn-5197946,manuals-刀闸阀-zp300型-clarkson-zh-zh-cn-5197946::chunk_3,,manuals-刀闸阀-zp300型-clarkson-zh-zh-cn-5197946.md
ENT_000358,船舶管路系统_ZP300 型阀门_非安装状态闸板开启要求,SafetyNote,阀门未安装管线时闸板必须保持开启以防损坏的安全禁忌,manuals-刀闸阀-zp300型-clarkson-zh-zh-cn-5197946,manuals-刀闸阀-zp300型-clarkson-zh-zh-cn-5197946::chunk_9,,manuals-刀闸阀-zp300型-clarkson-zh-zh-cn-5197946.md
ENT_000359,阀门管路系统_三偏心阀_储存环境要求,SafetyNote,安装前阀门需置于隔离干燥清洁环境的禁忌,vanessa-30-000-系列三偏心阀-tov-安装、操作及维护手册-zh-cn-5195650,vanessa-30-000-系列三偏心阀-tov-安装、操作及维护手册-zh-cn-5195650::chunk_0;vanessa-30-000-系列三偏心阀-tov-安装、操作及维护手册-zh-cn-5195650::chunk_1,,vanessa-30-000-系列三偏心阀-tov-安装、操作及维护手册-zh-cn-5195650.md
ENT_000360,阀门管路系统_三偏心阀_冲洗流体兼容性要求,SafetyNote,使用的冲洗流体必须与管路流体兼容,vanessa-30-000-系列三偏心阀-tov-安装、操作及维护手册-zh-cn-5195650,vanessa-30-000-系列三偏心阀-tov-安装、操作及维护手册-zh-cn-5195650::chunk_7,,vanessa-30-000-系列三偏心阀-tov-安装、操作及维护手册-zh-cn-5195650.md
ENT_000361,阀门管路系统_三偏心阀_吊装安全规定,SafetyNote,搬运起吊时需参考重量标识并保护吊绳的规范,vanessa-30-000-系列三偏心阀-tov-安装、操作及维护手册-zh-cn-5195650,vanessa-30-000-系列三偏心阀-tov-安装、操作及维护手册-zh-cn-5195650::chunk_0;vanessa-30-000-系列三偏心阀-tov-安装、操作及维护手册-zh-cn-5195650::chunk_1,,vanessa-30-000-系列三偏心阀-tov-安装、操作及维护手册-zh-cn-5195650.md
ENT_000362,阀门管路系统_三偏心阀_安装方向指示,SafetyNote,高压关闭侧△P 指示牌作为安装方向参考的安全提示；基于ΔP 标识牌确定的阀门及安全安装方向禁忌,vanessa-30-000-系列三偏心阀-tov-安装、操作及维护手册-zh-cn-5195650,vanessa-30-000-系列三偏心阀-tov-安装、操作及维护手册-zh-cn-5195650::chunk_2;vanessa-30-000-系列三偏心阀-tov-安装、操作及维护手册-zh-cn-5195650::chunk_3,,vanessa-30-000-系列三偏心阀-tov-安装、操作及维护手册-zh-cn-5195650.md
ENT_000363,阀门管路系统_三偏心阀_支架无需保护,SafetyNote,阀门支架因材质特性无需额外温度保护的安全提示,vanessa-30-000-系列三偏心阀-tov-安装、操作及维护手册-zh-cn-5195650,vanessa-30-000-系列三偏心阀-tov-安装、操作及维护手册-zh-cn-5195650::chunk_4;vanessa-30-000-系列三偏心阀-tov-安装、操作及维护手册-zh-cn-5195650::chunk_5,,vanessa-30-000-系列三偏心阀-tov-安装、操作及维护手册-zh-cn-5195650.md
ENT_000364,阀门管路系统_三偏心阀_焊接清洁要求,SafetyNote,焊接端口前需用丙酮清洁污物油脂的警告,vanessa-30-000-系列三偏心阀-tov-安装、操作及维护手册-zh-cn-5195650,vanessa-30-000-系列三偏心阀-tov-安装、操作及维护手册-zh-cn-5195650::chunk_0;vanessa-30-000-系列三偏心阀-tov-安装、操作及维护手册-zh-cn-5195650::chunk_1,,vanessa-30-000-系列三偏心阀-tov-安装、操作及维护手册-zh-cn-5195650.md
ENT_000365,阀门管路系统_三偏心阀_贝氏弹簧叠合组合禁止改变,SafetyNote,更换贝氏弹簧时务必注意不得改变其叠合组合方式,vanessa-30-000-系列三偏心阀-tov-安装、操作及维护手册-zh-cn-5195650,vanessa-30-000-系列三偏心阀-tov-安装、操作及维护手册-zh-cn-5195650::chunk_7,,vanessa-30-000-系列三偏心阀-tov-安装、操作及维护手册-zh-cn-5195650.md
ENT_000366,非垂直安装额外支持要求,SafetyNote,气动执行机构在非垂直安装时必须满足的安全支撑禁忌；非垂直安装时的额外支持安全要求,manuals-刀闸阀-zp300型-clarkson-zh-zh-cn-5197946,manuals-刀闸阀-zp300型-clarkson-zh-zh-cn-5197946::chunk_0;manuals-刀闸阀-zp300型-clarkson-zh-zh-cn-5197946::chunk_1,,manuals-刀闸阀-zp300型-clarkson-zh-zh-cn-5197946.md
ENT_000367,SMP Series Hydraulic Pump System,System,液压泵整体系统，包含警告牌、 enclosure 及阀泵组件；液压气动泵整体监测与报警系统；SMP 系列液压泵整体系统,Operation and Maintenance Manual for SMP Series Hydraulic Pu,Operation and Maintenance Manual for SMP Series Hydraulic Pu::chunk_1;Operation and Maintenance Manual for SMP Series Hydraulic Pu::chunk_2;Operation and Maintenance Manual for SMP Series Hydraulic Pu::chunk_4,,Operation and Maintenance Manual for SMP Series Hydraulic Pu.md
ENT_000368,WirelessHART 监测网络系统,System,包含无线变送器、网关及主机系统的整体监测网络环境,参考手册-rosemount-3051s-无线系列产品-zh-cn-10755064,参考手册-rosemount-3051s-无线系列产品-zh-cn-10755064::chunk_1,,参考手册-rosemount-3051s-无线系列产品-zh-cn-10755064.md
ENT_000369,船舶管路系统,System,阀门所属的上级管路整体系统环境；船舶整体的管路系统；船舶整体管路输送与控制大系统,manuals-刀闸阀-zp300型-clarkson-zh-zh-cn-5197946,manuals-刀闸阀-zp300型-clarkson-zh-zh-cn-5197946::chunk_0;manuals-刀闸阀-zp300型-clarkson-zh-zh-cn-5197946::chunk_1;manuals-刀闸阀-zp300型-clarkson-zh-zh-cn-5197946::chunk_12;manuals-刀闸阀-zp300型-clarkson-zh-zh-cn-5197946::chunk_2,,manuals-刀闸阀-zp300型-clarkson-zh-zh-cn-5197946.md
ENT_000370,阀门管路系统,System,包含阀门及连接管道的整体流体控制系统,vanessa-30-000-系列三偏心阀-tov-安装、操作及维护手册-zh-cn-5195650,vanessa-30-000-系列三偏心阀-tov-安装、操作及维护手册-zh-cn-5195650::chunk_0;vanessa-30-000-系列三偏心阀-tov-安装、操作及维护手册-zh-cn-5195650::chunk_1,,vanessa-30-000-系列三偏心阀-tov-安装、操作及维护手册-zh-cn-5195650.md
